tourney_id,tourney_name,surface,draw_size,tourney_level,indoor,tourney_date,match_num,winner_id,winner_seed,winner_entry,winner_name,winner_hand,winner_ht,winner_ioc,winner_age,winner_rank,winner_rank_points,loser_id,loser_seed,loser_entry,loser_name,loser_hand,loser_ht,loser_ioc,loser_age,loser_rank,loser_rank_points,score,best_of,round,minutes,w_ace,w_df,w_svpt,w_1stIn,w_1stWon,w_2ndWon,w_SvGms,w_bpSaved,w_bpFaced,l_ace,l_df,l_svpt,l_1stIn,l_1stWon,l_2ndWon,l_SvGms,l_bpSaved,l_bpFaced
2026-9900,United Cup,Hard,18,A,O,20260102,1,B0BI,,,Sebastian Baez,R,170.0,ARG,25.002,45.0,1145.0,MU94,,,Jaume Munar,R,183.0,ESP,28.652,33.0,1385.0,6-4 6-4,3,RR,103.0,0.0,2.0,71.0,46.0,27.0,15.0,10.0,4.0,6.0,7.0,0.0,52.0,39.0,25.0,6.0,10.0,2.0,6.0
2026-9900,United Cup,Hard,18,A,O,20260102,2,TE51,,,Stefanos Tsitsipas,R,193.0,GRE,27.381,36.0,1380.0,M0HU,,,Shintaro Mochizuki,R,175.0,JPN,22.576,99.0,647.0,6-3 6-4,3,RR,82.0,8.0,2.0,61.0,42.0,28.0,11.0,10.0,1.0,2.0,1.0,3.0,57.0,30.0,22.0,11.0,9.0,5.0,8.0
2026-9900,United Cup,Hard,18,A,O,20260103,3,Z371,,,Zhizhen Zhang,R,193.0,CHN,29.202,410.0,115.0,BU13,,,Zizou Bergs,R,185.0,BEL,26.574,42.0,1208.0,6-7(2) 7-6(3) 7-5,3,RR,173.0,12.0,0.0,108.0,71.0,59.0,21.0,18.0,0.0,0.0,18.0,5.0,126.0,75.0,58.0,29.0,18.0,9.0,10.0
2026-9900,United Cup,Hard,18,A,O,20260103,4,W367,,,Stan Wawrinka,R,183.0,SUI,40.756,157.0,397.0,RC91,,,Arthur Rinderknech,R,196.0,FRA,30.437,29.0,1527.0,5-7 7-6(5) 7-6(5),3,RR,198.0,6.0,2.0,120.0,68.0,53.0,31.0,18.0,2.0,4.0,17.0,5.0,111.0,61.0,50.0,32.0,18.0,6.0,7.0
2026-9900,United Cup,Hard,18,A,O,20260103,5,B0BI,,,Sebastian Baez,R,170.0,ARG,25.002,45.0,1145.0,FB98,,,Taylor Fritz,R,196.0,USA,28.17,6.0,4085.0,4-6 7-5 6-4,3,RR,153.0,4.0,0.0,107.0,80.0,51.0,16.0,16.0,8.0,11.0,23.0,2.0,102.0,56.0,43.0,21.0,16.0,4.0,8.0
2026-9900,United Cup,Hard,18,A,O,20260103,6,RH16,,,Casper Ruud,R,183.0,NOR,27.02,12.0,2825.0,DH58,,,Alex de Minaur,R,183.0,AUS,26.864,7.0,4080.0,6-3 6-3,3,RR,93.0,6.0,3.0,66.0,47.0,37.0,8.0,9.0,5.0,5.0,2.0,8.0,66.0,36.0,23.0,14.0,9.0,7.0,10.0
2026-339,Brisbane,Hard,32,250,O,20260104,1,TD51,,,Frances Tiafoe,R,188.0,USA,27.956,30.0,1500.0,V832,,,Aleksandar Vukic,R,188.0,AUS,29.747,84.0,708.0,6-2 6-2,3,R32,60.0,3.0,0.0,39.0,28.0,23.0,9.0,8.0,0.0,0.0,3.0,3.0,46.0,26.0,15.0,7.0,8.0,2.0,6.0
2026-339,Brisbane,Hard,32,250,O,20260104,2,T0HA,8.0,,Learner Tien,L,180.0,USA,20.09,28.0,1540.0,U182,,,Camilo Ugo Carabelli,R,185.0,ARG,26.552,49.0,1028.0,7-6(4) 6-3,3,R32,91.0,1.0,2.0,61.0,36.0,29.0,17.0,11.0,0.0,1.0,2.0,2.0,66.0,38.0,29.0,13.0,10.0,5.0,7.0
2026-9900,United Cup,Hard,18,A,O,20260104,7,HD68,,,Billy Harris,R,193.0,GBR,30.927,128.0,482.0,M0HU,,,Shintaro Mochizuki,R,175.0,JPN,22.576,99.0,647.0,7-6(4) 6-3,3,RR,110.0,4.0,3.0,70.0,41.0,30.0,16.0,11.0,4.0,6.0,4.0,6.0,68.0,27.0,21.0,18.0,10.0,1.0,4.0
2026-9900,United Cup,Hard,18,A,O,20260104,8,Z355,,,Alexander Zverev,R,198.0,GER,28.693,3.0,5110.0,GJ37,,,Tallon Griekspoor,R,188.0,NED,29.492,26.0,1565.0,7-5 6-0,3,RR,69.0,15.0,0.0,48.0,36.0,32.0,6.0,9.0,2.0,2.0,3.0,3.0,43.0,30.0,19.0,3.0,9.0,0.0,4.0
2026-9900,United Cup,Hard,18,A,O,20260104,9,AG37,,,Felix Auger-Aliassime,R,193.0,CAN,25.407,5.0,4190.0,Z371,,,Zhizhen Zhang,R,193.0,CHN,29.218,410.0,115.0,6-4 6-4,3,RR,87.0,6.0,0.0,55.0,37.0,32.0,10.0,10.0,1.0,1.0,2.0,2.0,55.0,34.0,23.0,12.0,10.0,0.0,2.0
2026-9900,United Cup,Hard,18,A,O,20260104,10,C0E9,,,Flavio Cobolli,R,183.0,ITA,23.666,22.0,2000.0,W367,,,Stan Wawrinka,R,183.0,SUI,40.772,157.0,397.0,6-4 6-7(2) 7-6(4),3,RR,175.0,8.0,1.0,101.0,55.0,41.0,33.0,17.0,0.0,0.0,8.0,3.0,104.0,61.0,49.0,27.0,17.0,3.0,4.0
2026-336,Hong Kong,Hard,28,250,O,20260105,1,BT72,8.0,,Nuno Borges,R,185.0,POR,28.876,45.0,1120.0,D923,,,Damir Dzumhur,R,175.0,BIH,33.629,65.0,837.0,6-4 6-3,3,R32,75.0,5.0,1.0,51.0,40.0,27.0,4.0,9.0,3.0,5.0,1.0,5.0,69.0,41.0,24.0,11.0,10.0,3.0,8.0
2026-336,Hong Kong,Hard,28,250,O,20260105,2,C977,,,Marin Cilic,R,198.0,CRO,37.27,70.0,765.0,ME82,,,Adrian Mannarino,L,180.0,FRA,37.52,68.0,817.0,6-3 6-2,3,R32,84.0,9.0,3.0,56.0,27.0,24.0,15.0,9.0,1.0,1.0,0.0,0.0,49.0,36.0,22.0,5.0,8.0,3.0,6.0
2026-336,Hong Kong,Hard,28,250,O,20260105,3,WB32,,,Yibing Wu,R,183.0,CHN,26.229,179.0,322.0,M0CI,,,Fabian Marozsan,R,193.0,HUN,26.245,53.0,975.0,6-4 6-2,3,R32,74.0,2.0,0.0,63.0,40.0,31.0,10.0,9.0,3.0,3.0,2.0,1.0,49.0,30.0,21.0,8.0,9.0,2.0,5.0
2026-339,Brisbane,Hard,32,250,O,20260105,3,HB64,,,Quentin Halys,R,191.0,FRA,29.194,91.0,669.0,P09Z,,,Alexei Popyrin,R,196.0,AUS,26.42,50.0,1000.0,5-7 6-3 6-4,3,R32,114.0,15.0,2.0,79.0,58.0,52.0,9.0,16.0,1.0,2.0,13.0,2.0,84.0,54.0,41.0,16.0,15.0,3.0,5.0
2026-339,Brisbane,Hard,32,250,O,20260105,4,L0BV,3.0,,Jiri Lehecka,R,185.0,CZE,24.159,19.0,2075.0,M0FH,,,Tomas Machac,R,183.0,CZE,25.229,35.0,1360.0,6-4 6-7(5) 6-2,3,R32,144.0,8.0,0.0,88.0,63.0,50.0,16.0,15.0,2.0,2.0,8.0,5.0,109.0,71.0,50.0,17.0,15.0,2.0,5.0
2026-339,Brisbane,Hard,32,250,O,20260105,5,K0AH,,,Sebastian Korda,R,196.0,USA,25.503,46.0,1090.0,VA25,,,Valentin Vacherot,R,193.0,MON,27.138,31.0,1469.0,7-6(1) 6-3,3,R32,87.0,10.0,5.0,67.0,46.0,37.0,12.0,11.0,3.0,4.0,9.0,2.0,69.0,46.0,30.0,13.0,10.0,7.0,9.0
2026-339,Brisbane,Hard,32,250,O,20260105,6,MQ75,,,Kamil Majchrzak,R,183.0,POL,29.979,59.0,861.0,AE14,,,Daniel Altmaier,R,188.0,GER,27.316,44.0,1123.0,7-6(4) 6-0,3,R32,82.0,7.0,1.0,53.0,37.0,33.0,6.0,9.0,0.0,1.0,7.0,5.0,59.0,37.0,24.0,7.0,9.0,5.0,9.0
2026-339,Brisbane,Hard,32,250,O,20260105,7,M0QI,,,Alex Michelsen,R,193.0,USA,21.363,37.0,1300.0,D994,,,James Duckworth,R,183.0,AUS,33.958,86.0,694.0,6-7(4) 7-6(2) 6-3,3,R32,146.0,19.0,2.0,109.0,76.0,60.0,19.0,17.0,6.0,6.0,10.0,7.0,99.0,55.0,45.0,25.0,16.0,2.0,3.0
2026-339,Brisbane,Hard,32,250,O,20260105,8,O522,,,Reilly Opelka,R,211.0,USA,28.356,60.0,861.0,S0IA,,,Dane Sweeny,R,170.0,AUS,24.895,183.0,315.0,6-3 7-5,3,R32,82.0,21.0,2.0,55.0,45.0,36.0,8.0,11.0,0.0,0.0,2.0,4.0,68.0,41.0,33.0,10.0,10.0,6.0,8.0
2026-339,Brisbane,Hard,32,250,O,20260105,9,MM58,1.0,,Daniil Medvedev,R,198.0,RUS,29.9,13.0,2710.0,F724,,,Marton Fucsovics,R,188.0,HUN,33.908,54.0,949.0,6-2 6-3,3,R32,69.0,4.0,2.0,42.0,28.0,22.0,6.0,8.0,2.0,4.0,0.0,2.0,57.0,35.0,19.0,7.0,9.0,4.0,10.0
2026-9900,United Cup,Hard,18,A,O,20260105,11,FB98,,,Taylor Fritz,R,196.0,USA,28.189,6.0,4085.0,MU94,,,Jaume Munar,R,183.0,ESP,28.671,33.0,1385.0,7-6(4) 3-6 7-6(6),3,RR,193.0,16.0,7.0,112.0,75.0,60.0,18.0,16.0,5.0,6.0,14.0,5.0,122.0,72.0,62.0,24.0,17.0,2.0,2.0
2026-9900,United Cup,Hard,18,A,O,20260105,12,HB71,,,Hubert Hurkacz,R,196.0,POL,28.898,83.0,710.0,Z355,,,Alexander Zverev,R,198.0,GER,28.712,3.0,5110.0,6-3 6-4,3,RR,82.0,21.0,0.0,63.0,41.0,35.0,9.0,10.0,1.0,1.0,7.0,0.0,46.0,40.0,25.0,6.0,9.0,1.0,3.0
2026-9900,United Cup,Hard,18,A,O,20260105,13,M0NI,,,Jakub Mensik,R,196.0,CZE,20.345,18.0,2130.0,RH16,,,Casper Ruud,R,183.0,NOR,27.039,12.0,2825.0,7-5 7-6(6),3,RR,128.0,16.0,3.0,83.0,51.0,40.0,13.0,12.0,5.0,7.0,1.0,1.0,79.0,45.0,25.0,22.0,12.0,3.0,6.0
2026-9900,United Cup,Hard,18,A,O,20260105,14,TE51,,,Stefanos Tsitsipas,R,193.0,GRE,27.4,36.0,1380.0,HD68,,,Billy Harris,R,193.0,GBR,30.946,128.0,482.0,4-6 6-1 7-6(4),3,RR,136.0,5.0,2.0,84.0,54.0,46.0,18.0,15.0,1.0,2.0,4.0,3.0,83.0,51.0,40.0,17.0,14.0,4.0,6.0
2026-336,Hong Kong,Hard,28,250,O,20260106,4,MP01,,,Michael Mmoh,R,188.0,USA,27.989,285.0,184.0,TE30,,,Alejandro Tabilo,L,188.0,CHI,28.597,81.0,717.0,7-5 6-4,3,R32,111.0,13.0,3.0,76.0,49.0,39.0,13.0,11.0,6.0,6.0,6.0,1.0,65.0,39.0,28.0,15.0,11.0,4.0,6.0
2026-336,Hong Kong,Hard,28,250,O,20260106,5,SU87,5.0,,Lorenzo Sonego,R,191.0,ITA,30.658,39.0,1240.0,S0UV,,,Rei Sakamoto,R,193.0,JPN,19.537,200.0,292.0,6-2 7-6(4),3,R32,105.0,4.0,0.0,63.0,39.0,30.0,15.0,10.0,1.0,2.0,1.0,2.0,78.0,43.0,25.0,20.0,10.0,3.0,6.0
2026-336,Hong Kong,Hard,28,250,O,20260106,6,D0F6,6.0,,Gabriel Diallo,R,203.0,CAN,24.285,40.0,1215.0,D0C1,,,Jesper de Jong,R,180.0,NED,25.602,71.0,763.0,6-4 7-6(7),3,R32,105.0,9.0,2.0,73.0,47.0,39.0,16.0,11.0,0.0,0.0,8.0,4.0,69.0,42.0,34.0,16.0,11.0,0.0,1.0
2026-336,Hong Kong,Hard,28,250,O,20260106,7,MP20,7.0,,Alexandre Muller,R,183.0,FRA,28.928,52.0,980.0,KI95,,,Miomir Kecmanovic,R,183.0,SRB,26.352,51.0,1000.0,7-5 6-4,3,R32,77.0,9.0,2.0,59.0,43.0,33.0,8.0,11.0,3.0,5.0,7.0,0.0,62.0,43.0,30.0,7.0,11.0,0.0,4.0
2026-336,Hong Kong,Hard,28,250,O,20260106,8,EA24,,,Tomas Martin Etcheverry,R,196.0,ARG,26.472,57.0,895.0,R0EB,,,Valentin Royer,R,188.0,FRA,24.608,56.0,924.0,6-4 7-5,3,R32,104.0,8.0,0.0,56.0,33.0,26.0,16.0,11.0,1.0,2.0,9.0,1.0,72.0,49.0,29.0,15.0,11.0,9.0,12.0
2026-336,Hong Kong,Hard,28,250,O,20260106,9,W0BH,,,Coleman Wong,R,191.0,HKG,21.585,150.0,406.0,N0BS,,,Mariano Navone,R,178.0,ARG,24.857,72.0,760.0,6-3 7-5,3,R32,101.0,4.0,2.0,72.0,37.0,27.0,18.0,10.0,6.0,8.0,3.0,3.0,74.0,47.0,31.0,8.0,11.0,6.0,11.0
2026-336,Hong Kong,Hard,28,250,O,20260106,10,S0RE,,,Juncheng Shang,L,180.0,CHN,20.925,406.0,115.0,C0DF,,,Francisco Comesana,R,178.0,ARG,25.251,66.0,829.0,6-4 6-4,3,R32,77.0,6.0,0.0,58.0,39.0,30.0,12.0,10.0,1.0,1.0,7.0,2.0,52.0,37.0,27.0,10.0,10.0,3.0,5.0
2026-336,Hong Kong,Hard,28,250,O,20260106,11,GC88,,,Marcos Giron,R,180.0,USA,32.454,64.0,845.0,DB63,,,Laslo Djere,R,188.0,SRB,30.598,95.0,652.0,6-2 6-0,3,R32,59.0,1.0,3.0,42.0,27.0,21.0,8.0,7.0,0.0,0.0,4.0,2.0,50.0,32.0,16.0,6.0,7.0,2.0,7.0
2026-336,Hong Kong,Hard,28,250,O,20260106,12,V812,,,Botic van de Zandschulp,R,191.0,NED,30.259,75.0,746.0,SL28,,,Jan-Lennard Struff,R,193.0,GER,35.702,82.0,711.0,6-3 1-6 6-1,3,R32,94.0,4.0,5.0,72.0,43.0,29.0,14.0,12.0,5.0,8.0,3.0,4.0,72.0,45.0,27.0,14.0,11.0,4.0,8.0
2026-339,Brisbane,Hard,32,250,O,20260106,10,N0AE,,,Brandon Nakashima,R,188.0,USA,24.427,33.0,1380.0,DH50,2,,Alejandro Davidovich Fokina,R,180.0,ESP,26.59,14.0,2585.0,7-6(4) 6-4,3,R32,100.0,15.0,2.0,69.0,39.0,33.0,18.0,11.0,2.0,3.0,6.0,1.0,72.0,45.0,31.0,15.0,11.0,5.0,7.0
2026-339,Brisbane,Hard,32,250,O,20260106,11,C0JP,,,Raphael Collignon,R,191.0,BEL,23.981,84.0,704.0,SU55,5,,Denis Shapovalov,L,185.0,CAN,26.73,23.0,1665.0,6-4 6-2,3,R32,76.0,2.0,0.0,48.0,35.0,29.0,8.0,9.0,0.0,0.0,3.0,3.0,65.0,35.0,20.0,16.0,9.0,9.0,12.0
2026-339,Brisbane,Hard,32,250,O,20260106,12,D875,,,Grigor Dimitrov,R,191.0,BUL,34.645,47.0,1080.0,CD85,,,Pablo Carreno Busta,R,188.0,ESP,34.489,92.0,656.0,6-3 6-2,3,R32,67.0,7.0,1.0,49.0,30.0,26.0,12.0,9.0,1.0,1.0,4.0,1.0,45.0,32.0,21.0,6.0,8.0,1.0,4.0
2026-339,Brisbane,Hard,32,250,O,20260106,13,M0GZ,,,Giovanni Mpetshi Perricard,R,203.0,FRA,22.5,67.0,825.0,PL56,4,,Tommy Paul,R,185.0,USA,28.641,20.0,2050.0,7-6(2) 3-6 7-6(6),3,R32,131.0,24.0,4.0,110.0,80.0,60.0,19.0,16.0,2.0,3.0,6.0,1.0,96.0,63.0,50.0,27.0,17.0,1.0,1.0
2026-339,Brisbane,Hard,32,250,O,20260106,14,N771,7.0,,Cameron Norrie,L,188.0,GBR,30.374,28.0,1523.0,HH26,,,Ugo Humbert,L,188.0,FRA,27.532,36.0,1355.0,1-6 7-6(6) 7-5,3,R32,155.0,10.0,4.0,104.0,65.0,43.0,18.0,16.0,2.0,7.0,13.0,4.0,101.0,55.0,39.0,23.0,15.0,7.0,10.0
2026-339,Brisbane,Hard,32,250,O,20260106,15,H0BH,,,Rinky Hijikata,R,178.0,AUS,24.868,111.0,546.0,W09E,,,Adam Walton,R,183.0,AUS,26.724,77.0,732.0,6-3 6-2,3,R32,72.0,7.0,0.0,54.0,33.0,22.0,13.0,9.0,1.0,2.0,4.0,1.0,48.0,32.0,18.0,8.0,8.0,4.0,8.0
2026-339,Brisbane,Hard,32,250,O,20260106,16,K0AZ,,,Aleksandar Kovacevic,R,183.0,USA,27.357,58.0,877.0,KE17,,,Nick Kyrgios,R,193.0,AUS,30.697,,,6-3 6-4,3,R32,66.0,10.0,3.0,47.0,26.0,25.0,15.0,10.0,0.0,0.0,5.0,0.0,46.0,29.0,23.0,10.0,9.0,0.0,2.0
2026-9900,United Cup,Hard,18,A,O,20260106,15,BU13,,,Zizou Bergs,R,185.0,BEL,26.595,42.0,1208.0,AG37,,,Felix Auger-Aliassime,R,193.0,CAN,25.413,5.0,4190.0,6-4 6-2,3,RR,88.0,4.0,0.0,50.0,30.0,22.0,16.0,9.0,5.0,5.0,8.0,5.0,62.0,38.0,28.0,6.0,9.0,7.0,10.0
2026-9900,United Cup,Hard,18,A,O,20260106,16,RC91,,,Arthur Rinderknech,R,196.0,FRA,30.459,29.0,1527.0,C0E9,,,Flavio Cobolli,R,183.0,ITA,23.671,22.0,2000.0,6-7(4) 7-6(5) 7-5,3,RR,201.0,13.0,3.0,123.0,65.0,49.0,29.0,18.0,7.0,11.0,5.0,5.0,123.0,58.0,40.0,35.0,18.0,8.0,13.0
2026-9900,United Cup,Hard,18,A,O,20260106,17,DH58,,,Alex de Minaur,R,183.0,AUS,26.886,7.0,4080.0,M0NI,,,Jakub Mensik,R,196.0,CZE,20.348,18.0,2130.0,6-4 6-1,3,RR,91.0,4.0,0.0,62.0,38.0,26.0,14.0,8.0,4.0,4.0,3.0,3.0,58.0,34.0,23.0,8.0,9.0,2.0,6.0
2026-336,Hong Kong,Hard,28,250,O,20260107,13,M0EJ,1.0,,Lorenzo Musetti,R,185.0,ITA,23.849,7.0,3990.0,EA24,,,Tomas Martin Etcheverry,R,196.0,ARG,26.475,57.0,895.0,6-7(3) 6-2 6-4,3,R16,161.0,8.0,3.0,96.0,69.0,46.0,17.0,15.0,1.0,3.0,10.0,0.0,94.0,67.0,45.0,12.0,15.0,3.0,8.0
2026-336,Hong Kong,Hard,28,250,O,20260107,14,BT72,8.0,,Nuno Borges,R,185.0,POR,28.882,45.0,1120.0,C977,,,Marin Cilic,R,198.0,CRO,37.276,70.0,765.0,7-5 6-3,3,R16,81.0,5.0,1.0,61.0,37.0,32.0,12.0,11.0,1.0,2.0,9.0,5.0,52.0,32.0,22.0,10.0,10.0,1.0,4.0
2026-336,Hong Kong,Hard,28,250,O,20260107,15,W0BH,,,Coleman Wong,R,191.0,HKG,21.588,150.0,406.0,D0F6,6,,Gabriel Diallo,R,203.0,CAN,24.287,40.0,1215.0,1-6 7-5 7-5,3,R16,149.0,10.0,3.0,107.0,63.0,42.0,21.0,15.0,11.0,15.0,9.0,3.0,108.0,75.0,50.0,15.0,16.0,7.0,11.0
2026-336,Hong Kong,Hard,28,250,O,20260107,16,RE44,3.0,,Andrey Rublev,R,188.0,RUS,28.216,16.0,2510.0,WB32,,,Yibing Wu,R,183.0,CHN,26.234,179.0,322.0,3-6 6-2 6-1,3,R16,97.0,10.0,2.0,77.0,51.0,38.0,12.0,12.0,3.0,5.0,5.0,1.0,72.0,42.0,28.0,11.0,12.0,2.0,7.0
2026-339,Brisbane,Hard,32,250,O,20260107,17,MM58,1.0,,Daniil Medvedev,R,198.0,RUS,29.906,13.0,2710.0,TD51,,,Frances Tiafoe,R,188.0,USA,27.964,30.0,1500.0,6-3 6-2,3,R16,60.0,9.0,4.0,48.0,34.0,31.0,6.0,9.0,0.0,0.0,2.0,0.0,42.0,25.0,20.0,6.0,8.0,3.0,6.0
2026-339,Brisbane,Hard,32,250,O,20260107,18,K0AH,,,Sebastian Korda,R,196.0,USA,25.509,46.0,1090.0,L0BV,3,,Jiri Lehecka,R,185.0,CZE,24.164,19.0,2075.0,6-3 1-2 RET,3,R16,46.0,6.0,1.0,28.0,16.0,16.0,8.0,6.0,0.0,0.0,6.0,0.0,41.0,27.0,21.0,5.0,6.0,3.0,4.0
2026-339,Brisbane,Hard,32,250,O,20260107,19,M0QI,,,Alex Michelsen,R,193.0,USA,21.369,37.0,1300.0,T0HA,8,,Learner Tien,L,180.0,USA,20.099,28.0,1540.0,6-4 6-2,3,R16,75.0,4.0,1.0,53.0,34.0,28.0,10.0,9.0,1.0,1.0,8.0,8.0,60.0,34.0,22.0,13.0,9.0,6.0,9.0
2026-339,Brisbane,Hard,32,250,O,20260107,20,MQ75,,,Kamil Majchrzak,R,183.0,POL,29.985,59.0,861.0,O522,,,Reilly Opelka,R,211.0,USA,28.361,60.0,861.0,6-7(2) 7-6(7) 7-6(8),3,R16,149.0,13.0,2.0,108.0,76.0,66.0,22.0,18.0,0.0,0.0,44.0,4.0,122.0,99.0,78.0,14.0,18.0,3.0,3.0
2026-9900,United Cup,Hard,18,A,O,20260107,18,TE51,,,Stefanos Tsitsipas,R,193.0,GRE,27.406,36.0,1380.0,FB98,,,Taylor Fritz,R,196.0,USA,28.194,6.0,4085.0,6-4 7-5,3,QF,81.0,5.0,2.0,63.0,44.0,35.0,11.0,11.0,2.0,2.0,6.0,0.0,53.0,32.0,26.0,13.0,11.0,1.0,3.0
2026-9900,United Cup,Hard,18,A,O,20260107,19,HB71,,,Hubert Hurkacz,R,196.0,POL,28.903,83.0,710.0,GJ37,,,Tallon Griekspoor,R,188.0,NED,29.517,26.0,1565.0,6-3 7-6(4),3,RR,82.0,21.0,0.0,55.0,41.0,37.0,11.0,11.0,0.0,0.0,4.0,0.0,59.0,39.0,26.0,13.0,10.0,0.0,1.0
2026-9900,United Cup,Hard,18,A,O,20260107,20,B0BI,,,Sebastian Baez,R,170.0,ARG,25.027,45.0,1145.0,W367,,,Stan Wawrinka,R,183.0,SUI,40.78,157.0,397.0,7-5 6-4,3,QF,98.0,3.0,1.0,73.0,57.0,41.0,9.0,11.0,5.0,5.0,11.0,2.0,66.0,36.0,29.0,14.0,11.0,2.0,4.0
2026-336,Hong Kong,Hard,28,250,O,20260108,17,GC88,,,Marcos Giron,R,180.0,USA,32.46,64.0,845.0,MP20,7,,Alexandre Muller,R,183.0,FRA,28.934,52.0,980.0,6-4 7-6(4),3,R16,96.0,3.0,1.0,68.0,47.0,32.0,12.0,11.0,1.0,4.0,3.0,2.0,76.0,47.0,28.0,12.0,11.0,5.0,9.0
2026-336,Hong Kong,Hard,28,250,O,20260108,18,S0RE,,,Juncheng Shang,L,180.0,CHN,20.931,406.0,115.0,SU87,5,,Lorenzo Sonego,R,191.0,ITA,30.664,39.0,1240.0,6-3 6-4,3,R16,82.0,7.0,3.0,70.0,49.0,38.0,11.0,10.0,5.0,5.0,5.0,2.0,44.0,33.0,24.0,7.0,9.0,1.0,3.0
2026-336,Hong Kong,Hard,28,250,O,20260108,19,BK92,2.0,,Alexander Bublik,R,196.0,KAZ,28.561,11.0,2845.0,V812,,,Botic Van De Zandschulp,,,,,,,6-3 6-3,3,R16,70.0,12.0,4.0,53.0,38.0,33.0,5.0,9.0,2.0,2.0,8.0,6.0,57.0,30.0,23.0,9.0,9.0,1.0,4.0
2026-336,Hong Kong,Hard,28,250,O,20260108,20,MP01,,,Michael Mmoh,R,188.0,USA,27.995,285.0,184.0,KE29,4,,Karen Khachanov,R,198.0,RUS,29.634,17.0,2320.0,7-6(2) 7-6(4),3,R16,122.0,11.0,2.0,86.0,59.0,47.0,15.0,12.0,4.0,5.0,12.0,1.0,77.0,51.0,42.0,12.0,12.0,2.0,3.0
2026-339,Brisbane,Hard,32,250,O,20260108,21,K0AZ,,,Aleksandar Kovacevic,R,183.0,USA,27.362,58.0,877.0,N771,7,,Cameron Norrie,L,188.0,GBR,30.379,28.0,1523.0,7-6(4) 4-6 6-4,3,R16,148.0,21.0,4.0,112.0,62.0,46.0,30.0,16.0,3.0,4.0,11.0,4.0,93.0,59.0,51.0,16.0,16.0,1.0,2.0
2026-339,Brisbane,Hard,32,250,O,20260108,22,N0AE,,,Brandon Nakashima,R,188.0,USA,24.433,33.0,1380.0,HB64,,,Quentin Halys,R,191.0,FRA,29.202,91.0,669.0,6-2 6-4,3,R16,76.0,12.0,0.0,60.0,44.0,32.0,9.0,9.0,2.0,2.0,6.0,4.0,56.0,35.0,24.0,9.0,9.0,6.0,9.0
2026-339,Brisbane,Hard,32,250,O,20260108,23,M0GZ,,,Giovanni Mpetshi Perricard,R,203.0,FRA,22.505,67.0,825.0,H0BH,,,Rinky Hijikata,R,178.0,AUS,24.873,111.0,546.0,4-6 7-6(5) 7-6(4),3,R16,133.0,29.0,2.0,102.0,75.0,61.0,18.0,17.0,2.0,3.0,5.0,2.0,111.0,80.0,61.0,21.0,17.0,4.0,4.0
2026-339,Brisbane,Hard,32,250,O,20260108,24,C0JP,,,Raphael Collignon,R,191.0,BEL,23.986,84.0,704.0,D875,,,Grigor Dimitrov,R,191.0,BUL,34.65,47.0,1080.0,7-6(1) 6-3,3,R16,108.0,10.0,2.0,66.0,44.0,36.0,14.0,11.0,3.0,3.0,11.0,2.0,81.0,40.0,31.0,17.0,10.0,6.0,7.0
2026-9900,United Cup,Hard,18,A,O,20260108,21,BU13,7.0,,Zizou Bergs,R,185.0,BEL,26.601,42.0,1208.0,M0NI,11,,Jakub Mensik,R,196.0,CZE,20.353,18.0,2130.0,6-2 7-6(4),3,QF,100.0,7.0,2.0,79.0,43.0,31.0,20.0,10.0,3.0,5.0,6.0,5.0,59.0,33.0,22.0,13.0,10.0,3.0,7.0
2026-336,Hong Kong,Hard,28,250,O,20260109,21,M0EJ,1.0,,Lorenzo Musetti,R,185.0,ITA,23.855,7.0,3990.0,W0BH,,,Coleman Wong,R,191.0,HKG,21.593,150.0,406.0,6-4 6-4,3,QF,75.0,2.0,2.0,52.0,31.0,21.0,17.0,10.0,0.0,1.0,6.0,2.0,57.0,43.0,31.0,4.0,10.0,3.0,6.0
2026-336,Hong Kong,Hard,28,250,O,20260109,22,RE44,3.0,,Andrey Rublev,R,188.0,RUS,28.222,16.0,2510.0,BT72,8,,Nuno Borges,R,185.0,POR,28.887,45.0,1120.0,6-3 6-4,3,QF,73.0,7.0,1.0,50.0,38.0,34.0,7.0,10.0,1.0,1.0,2.0,0.0,69.0,47.0,33.0,7.0,9.0,6.0,8.0
2026-336,Hong Kong,Hard,28,250,O,20260109,23,GC88,,,Marcos Giron,R,180.0,USA,32.463,64.0,845.0,MP01,,,Michael Mmoh,R,188.0,USA,27.997,285.0,184.0,6-3 1-0 RET,3,QF,49.0,3.0,0.0,40.0,31.0,22.0,4.0,5.0,6.0,7.0,0.0,2.0,29.0,18.0,11.0,3.0,5.0,2.0,5.0
2026-336,Hong Kong,Hard,28,250,O,20260109,24,BK92,2.0,,Alexander Bublik,R,196.0,KAZ,28.564,11.0,2845.0,S0RE,,,Juncheng Shang,L,180.0,CHN,20.934,406.0,115.0,6-1 7-6(2),3,QF,85.0,15.0,2.0,58.0,39.0,34.0,13.0,10.0,1.0,1.0,3.0,3.0,68.0,39.0,24.0,17.0,9.0,2.0,4.0
2026-339,Brisbane,Hard,32,250,O,20260109,25,K0AZ,,,Aleksandar Kovacevic,R,183.0,USA,27.365,58.0,877.0,M0GZ,,,Giovanni Mpetshi Perricard,R,203.0,FRA,22.508,67.0,825.0,7-6(3) 4-6 6-3,3,QF,107.0,13.0,3.0,81.0,52.0,45.0,21.0,16.0,0.0,1.0,24.0,1.0,87.0,61.0,50.0,15.0,15.0,4.0,5.0
2026-339,Brisbane,Hard,32,250,O,20260109,26,N0AE,,,Brandon Nakashima,R,188.0,USA,24.435,33.0,1380.0,C0JP,,,Raphael Collignon,R,191.0,BEL,23.989,84.0,704.0,6-3 6-3,3,QF,82.0,7.0,0.0,63.0,49.0,39.0,6.0,9.0,6.0,6.0,3.0,1.0,50.0,29.0,21.0,10.0,9.0,2.0,5.0
2026-339,Brisbane,Hard,32,250,O,20260109,27,M0QI,,,Alex Michelsen,R,193.0,USA,21.374,37.0,1300.0,K0AH,,,Sebastian Korda,R,196.0,USA,25.514,46.0,1090.0,6-3 7-6(7),3,QF,99.0,3.0,3.0,76.0,49.0,34.0,19.0,11.0,1.0,1.0,8.0,1.0,67.0,38.0,31.0,13.0,10.0,1.0,2.0
2026-339,Brisbane,Hard,32,250,O,20260109,28,MM58,1.0,,Daniil Medvedev,R,198.0,RUS,29.911,13.0,2710.0,MQ75,,,Kamil Majchrzak,R,183.0,POL,29.99,59.0,861.0,6-7(4) 6-3 6-2,3,QF,132.0,16.0,4.0,93.0,61.0,48.0,14.0,15.0,5.0,6.0,4.0,0.0,90.0,54.0,34.0,18.0,14.0,5.0,9.0
2026-9900,United Cup,Hard,18,A,O,20260109,22,DH58,4.0,,Alex de Minaur,R,183.0,AUS,26.894,7.0,4080.0,HB71,9,,Hubert Hurkacz,R,196.0,POL,28.909,83.0,710.0,6-4 4-6 6-4,3,QF,138.0,6.0,1.0,104.0,57.0,47.0,25.0,15.0,10.0,11.0,19.0,0.0,85.0,63.0,47.0,12.0,15.0,2.0,4.0
2026-336,Hong Kong,Hard,28,250,O,20260110,25,M0EJ,1.0,,Lorenzo Musetti,R,185.0,ITA,23.858,7.0,3990.0,RE44,3,,Andrey Rublev,R,188.0,RUS,28.225,16.0,2510.0,6-7(3) 7-5 6-4,3,SF,163.0,5.0,2.0,117.0,86.0,65.0,14.0,17.0,7.0,8.0,7.0,0.0,105.0,68.0,50.0,19.0,17.0,7.0,10.0
2026-336,Hong Kong,Hard,28,250,O,20260110,26,BK92,2.0,,Alexander Bublik,R,196.0,KAZ,28.567,11.0,2845.0,GC88,,,Marcos Giron,R,180.0,USA,32.465,64.0,845.0,3-6 6-4 6-2,3,SF,101.0,9.0,4.0,82.0,54.0,42.0,14.0,14.0,6.0,8.0,5.0,1.0,82.0,55.0,36.0,14.0,13.0,0.0,3.0
2026-339,Brisbane,Hard,32,250,O,20260110,29,N0AE,,,Brandon Nakashima,R,188.0,USA,24.438,33.0,1380.0,K0AZ,,,Aleksandar Kovacevic,R,183.0,USA,27.368,58.0,877.0,7-6(4) 6-4,3,SF,104.0,15.0,1.0,73.0,51.0,38.0,12.0,11.0,2.0,2.0,14.0,4.0,77.0,49.0,38.0,12.0,11.0,2.0,3.0
2026-339,Brisbane,Hard,32,250,O,20260110,30,MM58,1.0,,Daniil Medvedev,R,198.0,RUS,29.914,13.0,2710.0,M0QI,,,Alex Michelsen,R,193.0,USA,21.377,37.0,1300.0,6-4 6-2,3,SF,102.0,9.0,7.0,75.0,46.0,32.0,14.0,9.0,7.0,8.0,4.0,1.0,65.0,42.0,22.0,12.0,9.0,4.0,8.0
2026-9900,United Cup,Hard,18,A,O,20260110,23,BU13,,,Zizou Bergs,R,185.0,BEL,26.606,42.0,1208.0,W367,,,Stan Wawrinka,R,183.0,SUI,40.789,157.0,397.0,6-3 6-7(4) 6-3,3,SF,150.0,7.0,4.0,100.0,59.0,42.0,29.0,16.0,2.0,2.0,8.0,1.0,104.0,59.0,40.0,26.0,14.0,4.0,6.0
2026-9900,United Cup,Hard,18,A,O,20260110,24,HB71,,,Hubert Hurkacz,R,196.0,POL,28.912,83.0,710.0,FB98,,,Taylor Fritz,R,196.0,USA,28.203,6.0,4085.0,7-6(1) 7-6(2),3,SF,94.0,16.0,3.0,76.0,59.0,50.0,7.0,12.0,2.0,2.0,12.0,0.0,73.0,47.0,37.0,13.0,12.0,1.0,1.0
2026-336,Hong Kong,Hard,28,250,O,20260111,27,BK92,2.0,,Alexander Bublik,R,196.0,KAZ,28.569,11.0,2845.0,M0EJ,1,,Lorenzo Musetti,R,185.0,ITA,23.86,7.0,3990.0,7-6(2) 6-3,3,F,98.0,10.0,4.0,67.0,51.0,40.0,7.0,10.0,2.0,3.0,5.0,1.0,73.0,46.0,29.0,15.0,11.0,4.0,7.0
2026-339,Brisbane,Hard,32,250,O,20260111,31,MM58,1.0,,Daniil Medvedev,R,198.0,RUS,29.916,13.0,2710.0,N0AE,,,Brandon Nakashima,R,188.0,USA,24.441,33.0,1380.0,6-2 7-6(1),3,F,95.0,10.0,4.0,73.0,51.0,36.0,13.0,10.0,3.0,4.0,3.0,0.0,53.0,33.0,26.0,8.0,10.0,2.0,5.0
2026-9900,United Cup,Hard,18,A,O,20260111,25,HB71,,,Hubert Hurkacz,R,196.0,POL,28.914,83.0,710.0,W367,,,Stan Wawrinka,R,183.0,SUI,40.791,157.0,397.0,6-3 3-6 6-3,3,F,114.0,18.0,0.0,90.0,63.0,52.0,9.0,14.0,8.0,9.0,10.0,1.0,78.0,49.0,38.0,15.0,13.0,5.0,7.0
2026-301,Auckland,Hard,32,250,O,20260112,1,N771,5.0,,Cameron Norrie,L,188.0,GBR,30.39,28.0,1523.0,G09O,,,Hugo Gaston,L,173.0,FRA,25.295,94.0,653.0,6-3 6-4,3,R32,80.0,3.0,2.0,48.0,33.0,29.0,8.0,9.0,0.0,0.0,4.0,6.0,75.0,44.0,29.0,15.0,10.0,5.0,8.0
2026-301,Auckland,Hard,32,250,O,20260112,2,B0CD,,,Jenson Brooksby,R,193.0,USA,25.213,48.0,1017.0,W0ED,,,James Watt,R,206.0,NZL,25.593,,,6-4 6-3,3,R32,86.0,2.0,3.0,66.0,48.0,34.0,10.0,9.0,3.0,3.0,4.0,3.0,68.0,51.0,33.0,7.0,10.0,10.0,13.0
2026-301,Auckland,Hard,32,250,O,20260112,3,C0DF,,,Francisco Comesana,R,178.0,ARG,25.268,66.0,829.0,R0EB,,,Valentin Royer,R,188.0,FRA,24.624,56.0,924.0,6-4 6-4,3,R32,80.0,10.0,1.0,51.0,37.0,32.0,8.0,10.0,0.0,0.0,4.0,4.0,63.0,44.0,35.0,5.0,10.0,1.0,3.0
2026-301,Auckland,Hard,32,250,O,20260112,4,S0JA,,,Eliot Spizzirri,R,185.0,USA,24.055,89.0,672.0,ME82,,,Adrian Mannarino,L,180.0,FRA,37.539,68.0,817.0,6-4 6-3,3,R32,80.0,5.0,0.0,44.0,28.0,25.0,12.0,9.0,0.0,0.0,4.0,3.0,63.0,27.0,19.0,16.0,10.0,2.0,5.0
2026-301,Auckland,Hard,32,250,O,20260112,5,B0BI,7.0,,Sebastian Baez,R,170.0,ARG,25.04,39.0,1250.0,N0AM,,,Emilio Nava,R,185.0,USA,24.112,88.0,677.0,4-6 7-5 6-3,3,R32,143.0,3.0,1.0,111.0,91.0,57.0,15.0,15.0,5.0,6.0,10.0,1.0,96.0,60.0,43.0,20.0,16.0,6.0,9.0
2026-8998,Adelaide,Hard,28,250,O,20260112,1,O522,,,Reilly Opelka,R,211.0,USA,28.375,60.0,861.0,P09Z,,,Alexei Popyrin,R,196.0,AUS,26.439,50.0,1000.0,6-3 7-6(6),3,R32,83.0,22.0,4.0,64.0,50.0,44.0,8.0,11.0,1.0,1.0,10.0,0.0,57.0,39.0,35.0,9.0,10.0,1.0,2.0
2026-8998,Adelaide,Hard,28,250,O,20260112,2,VA25,5.0,,Valentin Vacherot,R,193.0,MON,27.157,32.0,1469.0,KI95,,,Miomir Kecmanovic,R,183.0,SRB,26.368,59.0,910.0,7-6(5) 6-4,3,R32,96.0,12.0,3.0,85.0,64.0,44.0,9.0,11.0,6.0,8.0,4.0,3.0,67.0,46.0,32.0,11.0,11.0,1.0,4.0
2026-8998,Adelaide,Hard,28,250,O,20260112,3,MU94,,,Jaume Munar,R,183.0,ESP,28.69,38.0,1295.0,AE14,,,Daniel Altmaier,R,188.0,GER,27.335,44.0,1123.0,6-3 6-0,3,R32,64.0,3.0,2.0,32.0,20.0,17.0,8.0,7.0,0.0,1.0,3.0,2.0,52.0,29.0,13.0,9.0,8.0,2.0,8.0
2026-8998,Adelaide,Hard,28,250,O,20260112,4,KD46,,,Thanasi Kokkinakis,R,193.0,AUS,29.758,,,K0AH,,,Sebastian Korda,R,196.0,USA,25.522,51.0,975.0,3-6 6-3 7-6(3),3,R32,146.0,15.0,1.0,100.0,61.0,43.0,24.0,15.0,6.0,9.0,8.0,3.0,90.0,45.0,33.0,27.0,15.0,2.0,5.0
2026-8998,Adelaide,Hard,28,250,O,20260112,5,HH26,,,Ugo Humbert,L,188.0,FRA,27.548,36.0,1355.0,A0GC,,,Terence Atmane,L,193.0,FRA,24.008,64.0,862.0,6-3 7-6(3),3,R32,92.0,5.0,2.0,67.0,40.0,34.0,18.0,11.0,3.0,3.0,7.0,3.0,67.0,36.0,26.0,19.0,10.0,5.0,6.0
2026-301,Auckland,Hard,32,250,O,20260113,6,M0CI,,,Fabian Marozsan,R,193.0,HUN,26.267,52.0,975.0,MC65,,,Gael Monfils,R,193.0,FRA,39.368,110.0,550.0,5-7 6-3 6-4,3,R32,120.0,6.0,2.0,96.0,57.0,41.0,25.0,16.0,2.0,4.0,10.0,6.0,93.0,56.0,40.0,18.0,15.0,5.0,8.0
2026-301,Auckland,Hard,32,250,O,20260113,7,M0QI,6.0,,Alex Michelsen,R,193.0,USA,21.385,37.0,1350.0,N0BS,,,Mariano Navone,R,178.0,ARG,24.876,74.0,760.0,2-6 6-2 7-5,3,R32,145.0,2.0,0.0,85.0,54.0,37.0,14.0,14.0,2.0,6.0,4.0,3.0,108.0,65.0,39.0,22.0,14.0,10.0,15.0
2026-301,Auckland,Hard,32,250,O,20260113,8,GC88,,,Marcos Giron,R,180.0,USA,32.474,60.0,895.0,MP20,,,Alexandre Muller,R,183.0,FRA,28.947,50.0,980.0,6-2 6-2,3,R32,73.0,1.0,0.0,59.0,38.0,30.0,12.0,8.0,6.0,6.0,3.0,3.0,45.0,28.0,18.0,6.0,8.0,1.0,5.0
2026-301,Auckland,Hard,32,250,O,20260113,9,M0JF,,,Hamad Medjedovic,R,188.0,SRB,22.491,96.0,643.0,K0AZ,,,Aleksandar Kovacevic,R,183.0,USA,27.376,54.0,964.0,6-4 3-6 7-6(2),3,R32,117.0,12.0,3.0,85.0,60.0,50.0,14.0,15.0,2.0,3.0,15.0,1.0,89.0,60.0,52.0,13.0,16.0,1.0,2.0
2026-301,Auckland,Hard,32,250,O,20260113,10,M0GZ,,,Giovanni Mpetshi Perricard,R,203.0,FRA,22.519,63.0,865.0,BD06,,,Roberto Bautista Agut,R,183.0,ESP,37.749,90.0,670.0,6-3 7-6(2),3,R32,96.0,22.0,4.0,75.0,54.0,41.0,9.0,11.0,6.0,7.0,2.0,2.0,71.0,54.0,35.0,10.0,10.0,6.0,8.0
2026-301,Auckland,Hard,32,250,O,20260113,11,TE30,,,Alejandro Tabilo,L,188.0,CHI,28.616,81.0,722.0,U182,,,Camilo Ugo Carabelli,R,185.0,ARG,26.576,47.0,1028.0,6-4 6-2,3,R32,62.0,9.0,0.0,41.0,31.0,29.0,7.0,9.0,0.0,0.0,4.0,3.0,48.0,29.0,21.0,6.0,9.0,0.0,3.0
2026-301,Auckland,Hard,32,250,O,20260113,12,BT72,8.0,,Nuno Borges,R,185.0,POR,28.898,46.0,1070.0,EA24,,,Tomas Martin Etcheverry,R,196.0,ARG,26.491,61.0,895.0,7-5 3-6 7-6(2),3,R32,149.0,8.0,2.0,108.0,80.0,63.0,13.0,16.0,2.0,3.0,6.0,2.0,91.0,51.0,42.0,28.0,17.0,0.0,1.0
2026-8998,Adelaide,Hard,28,250,O,20260113,6,M0FH,8.0,,Tomas Machac,R,183.0,CZE,25.251,35.0,1360.0,D994,,,James Duckworth,R,183.0,AUS,33.979,86.0,694.0,6-3 6-3,3,R32,71.0,11.0,0.0,50.0,33.0,29.0,10.0,9.0,2.0,2.0,7.0,0.0,54.0,30.0,20.0,14.0,9.0,2.0,5.0
2026-8998,Adelaide,Hard,28,250,O,20260113,7,HB64,,,Quentin Halys,R,191.0,FRA,29.216,85.0,697.0,F0BY,,,Jacob Fearnley,R,183.0,GBR,24.498,77.0,752.0,6-3 6-4,3,R32,78.0,11.0,1.0,57.0,34.0,25.0,13.0,10.0,3.0,5.0,2.0,7.0,59.0,38.0,27.0,6.0,9.0,5.0,9.0
2026-8998,Adelaide,Hard,28,250,O,20260113,8,H0BH,,,Rinky Hijikata,R,178.0,AUS,24.887,115.0,527.0,S0N0,,,Tristan Schoolkate,R,183.0,AUS,24.879,97.0,641.0,6-4 6-4,3,R32,79.0,4.0,1.0,52.0,33.0,26.0,13.0,10.0,3.0,4.0,8.0,5.0,59.0,30.0,22.0,14.0,10.0,3.0,6.0
2026-8998,Adelaide,Hard,28,250,O,20260113,9,S0H2,,,Alexander Shevchenko,R,188.0,KAZ,25.123,104.0,597.0,D923,,,Damir Dzumhur,R,175.0,BIH,33.651,66.0,837.0,4-6 6-4 7-5,3,R32,147.0,7.0,5.0,102.0,61.0,41.0,20.0,16.0,4.0,9.0,1.0,1.0,100.0,61.0,40.0,15.0,16.0,4.0,10.0
2026-8998,Adelaide,Hard,28,250,O,20260113,10,V832,,,Aleksandar Vukic,R,188.0,AUS,29.771,87.0,693.0,TE51,7,,Stefanos Tsitsipas,R,193.0,GRE,27.422,33.0,1455.0,7-6(3) 7-6(5),3,R32,113.0,6.0,0.0,94.0,57.0,38.0,26.0,12.0,4.0,4.0,13.0,0.0,77.0,50.0,44.0,13.0,12.0,4.0,4.0
2026-8998,Adelaide,Hard,28,250,O,20260113,11,F724,,,Marton Fucsovics,R,188.0,HUN,33.93,55.0,949.0,Q02L,,,Ethan Quinn,R,191.0,USA,21.84,78.0,733.0,6-4 6-4,3,R32,95.0,5.0,2.0,73.0,45.0,32.0,15.0,10.0,6.0,7.0,5.0,3.0,60.0,32.0,23.0,12.0,10.0,1.0,4.0
2026-8998,Adelaide,Hard,28,250,O,20260113,12,VA08,,,Andrea Vavassori,R,193.0,ITA,30.694,336.0,147.0,D0F6,,,Gabriel Diallo,R,203.0,CAN,24.304,41.0,1215.0,6-3 7-6(4),3,R32,109.0,5.0,3.0,70.0,42.0,36.0,13.0,11.0,0.0,1.0,5.0,3.0,66.0,42.0,32.0,11.0,10.0,1.0,3.0
2026-301,Auckland,Hard,32,250,O,20260114,13,M0NI,3.0,,Jakub Mensik,R,196.0,CZE,20.37,18.0,2125.0,M0JF,,,Hamad Medjedovic,R,188.0,SRB,22.494,96.0,643.0,6-1 3-6 6-3,3,R16,134.0,22.0,4.0,97.0,55.0,45.0,17.0,13.0,11.0,13.0,9.0,7.0,91.0,55.0,34.0,15.0,12.0,6.0,10.0
2026-301,Auckland,Hard,32,250,O,20260114,14,S0S1,1.0,,Ben Shelton,L,193.0,USA,23.266,8.0,3960.0,C0DF,,,Francisco Comesana,R,178.0,ARG,25.273,66.0,829.0,7-5 6-4,3,R16,102.0,12.0,3.0,73.0,55.0,43.0,10.0,11.0,6.0,6.0,1.0,1.0,66.0,48.0,33.0,10.0,11.0,2.0,4.0
2026-301,Auckland,Hard,32,250,O,20260114,15,M0CI,,,Fabian Marozsan,R,193.0,HUN,26.27,52.0,975.0,RH16,2,,Casper Ruud,R,183.0,NOR,27.064,13.0,2795.0,6-4 6-4,3,R16,81.0,4.0,0.0,58.0,41.0,34.0,9.0,10.0,1.0,1.0,6.0,0.0,63.0,43.0,33.0,8.0,10.0,7.0,9.0
2026-301,Auckland,Hard,32,250,O,20260114,16,D0FJ,4.0,,Luciano Darderi,R,183.0,ITA,23.915,24.0,1579.0,TE30,,,Alejandro Tabilo,L,188.0,CHI,28.619,81.0,722.0,1-6 7-5 6-3,3,R16,108.0,9.0,3.0,77.0,46.0,34.0,16.0,14.0,5.0,8.0,11.0,3.0,76.0,48.0,38.0,12.0,14.0,2.0,5.0
2026-301,Auckland,Hard,32,250,O,20260114,17,M0GZ,,,Giovanni Mpetshi Perricard,R,203.0,FRA,22.522,63.0,865.0,N771,5,,Cameron Norrie,L,188.0,GBR,30.396,28.0,1523.0,4-6 6-3 7-6(4),3,R16,122.0,25.0,3.0,102.0,73.0,57.0,15.0,16.0,3.0,4.0,3.0,2.0,81.0,55.0,43.0,19.0,15.0,3.0,4.0
2026-301,Auckland,Hard,32,250,O,20260114,18,GC88,,,Marcos Giron,R,180.0,USA,32.476,60.0,895.0,M0QI,6,,Alex Michelsen,R,193.0,USA,21.388,37.0,1350.0,6-4 6-4,3,R16,87.0,4.0,0.0,51.0,39.0,30.0,7.0,10.0,0.0,1.0,4.0,3.0,74.0,49.0,33.0,10.0,10.0,5.0,8.0
2026-301,Auckland,Hard,32,250,O,20260114,19,B0BI,7.0,,Sebastian Baez,R,170.0,ARG,25.046,39.0,1250.0,B0CD,,,Jenson Brooksby,R,193.0,USA,25.218,48.0,1017.0,7-5 6-0,3,R16,87.0,1.0,3.0,68.0,55.0,33.0,7.0,9.0,7.0,9.0,0.0,5.0,53.0,35.0,16.0,6.0,9.0,0.0,6.0
2026-301,Auckland,Hard,32,250,O,20260114,20,S0JA,,,Eliot Spizzirri,R,185.0,USA,24.06,89.0,672.0,BT72,8,,Nuno Borges,R,185.0,POR,28.901,46.0,1070.0,7-6(6) 6-4,3,R16,98.0,7.0,0.0,66.0,49.0,40.0,9.0,11.0,1.0,2.0,4.0,0.0,76.0,55.0,40.0,11.0,11.0,4.0,6.0
2026-8998,Adelaide,Hard,28,250,O,20260114,13,DH50,1.0,,Alejandro Davidovich Fokina,R,180.0,ESP,26.612,15.0,2585.0,H0BH,,,Rinky Hijikata,R,178.0,AUS,24.89,115.0,527.0,6-3 6-2,3,R16,83.0,0.0,2.0,43.0,25.0,19.0,8.0,8.0,3.0,5.0,1.0,3.0,62.0,34.0,19.0,9.0,9.0,5.0,11.0
2026-8998,Adelaide,Hard,28,250,O,20260114,14,PL56,2.0,,Tommy Paul,R,185.0,USA,28.663,21.0,2000.0,O522,,,Reilly Opelka,R,211.0,USA,28.381,60.0,861.0,6-4 6-4,3,R16,71.0,6.0,2.0,54.0,31.0,26.0,16.0,10.0,0.0,0.0,15.0,1.0,55.0,36.0,28.0,9.0,10.0,3.0,5.0
2026-8998,Adelaide,Hard,28,250,O,20260114,15,MU94,,,Jaume Munar,R,183.0,ESP,28.695,38.0,1295.0,C0AU,3,,Francisco Cerundolo,R,185.0,ARG,27.422,20.0,2035.0,3-6 7-5 6-4,3,R16,148.0,14.0,3.0,89.0,61.0,45.0,15.0,16.0,4.0,7.0,2.0,3.0,99.0,59.0,41.0,23.0,15.0,9.0,12.0
2026-8998,Adelaide,Hard,28,250,O,20260114,16,HH26,,,Ugo Humbert,L,188.0,FRA,27.554,36.0,1355.0,GJ37,4,,Tallon Griekspoor,R,188.0,NED,29.536,25.0,1565.0,6-4 6-1,3,R16,78.0,3.0,2.0,52.0,30.0,24.0,13.0,9.0,4.0,5.0,2.0,4.0,56.0,42.0,22.0,6.0,8.0,4.0,8.0
2026-8998,Adelaide,Hard,28,250,O,20260114,17,VA25,5.0,,Valentin Vacherot,R,193.0,MON,27.162,32.0,1469.0,KD46,,,Thanasi Kokkinakis,R,193.0,AUS,29.763,,,W/O,3,R16,133.0,7.0,1.0,91.0,54.0,39.0,25.0,16.0,1.0,3.0,14.0,10.0,101.0,60.0,44.0,19.0,15.0,2.0,6.0
2026-8998,Adelaide,Hard,28,250,O,20260114,18,M0FH,8.0,,Tomas Machac,R,183.0,CZE,25.254,35.0,1360.0,HB64,,,Quentin Halys,R,191.0,FRA,29.218,85.0,697.0,6-4 6-2,3,R16,74.0,6.0,2.0,59.0,40.0,29.0,9.0,9.0,1.0,2.0,4.0,1.0,56.0,33.0,22.0,9.0,9.0,2.0,6.0
2026-8998,Adelaide,Hard,28,250,O,20260114,19,S0H2,,,Alexander Shevchenko,R,188.0,KAZ,25.125,104.0,597.0,F724,,,Marton Fucsovics,R,188.0,HUN,33.933,55.0,949.0,6-3 7-6(6),3,R16,100.0,9.0,0.0,63.0,45.0,39.0,11.0,11.0,3.0,3.0,7.0,0.0,74.0,46.0,34.0,15.0,10.0,9.0,10.0
2026-8998,Adelaide,Hard,28,250,O,20260114,20,V832,,,Aleksandar Vukic,R,188.0,AUS,29.774,87.0,693.0,VA08,,,Andrea Vavassori,R,193.0,ITA,30.697,336.0,147.0,6-2 7-6(5),3,R16,105.0,7.0,0.0,63.0,36.0,30.0,15.0,10.0,1.0,2.0,8.0,6.0,78.0,51.0,37.0,8.0,10.0,8.0,11.0
2026-301,Auckland,Hard,32,250,O,20260115,21,GC88,,,Marcos Giron,R,180.0,USA,32.479,60.0,895.0,D0FJ,4,,Luciano Darderi,R,183.0,ITA,23.918,24.0,1579.0,1-6 7-5 6-4,3,QF,155.0,8.0,4.0,88.0,56.0,37.0,13.0,14.0,6.0,11.0,12.0,1.0,93.0,47.0,36.0,20.0,15.0,5.0,10.0
2026-8998,Adelaide,Hard,28,250,O,20260115,21,M0FH,8.0,,Tomas Machac,R,183.0,CZE,25.257,35.0,1360.0,MU94,,,Jaume Munar,R,183.0,ESP,28.698,38.0,1295.0,6-4 6-4,3,QF,90.0,2.0,0.0,61.0,37.0,28.0,16.0,10.0,4.0,4.0,4.0,0.0,59.0,41.0,28.0,10.0,10.0,4.0,6.0
2026-8998,Adelaide,Hard,28,250,O,20260115,22,PL56,2.0,,Tommy Paul,R,185.0,USA,28.665,21.0,2000.0,V832,,,Aleksandar Vukic,R,188.0,AUS,29.777,87.0,693.0,6-3 6-2,3,QF,62.0,9.0,0.0,48.0,26.0,20.0,15.0,9.0,0.0,1.0,1.0,2.0,51.0,28.0,17.0,7.0,8.0,3.0,7.0
2026-8998,Adelaide,Hard,28,250,O,20260115,23,HH26,,,Ugo Humbert,L,188.0,FRA,27.556,36.0,1355.0,S0H2,,,Alexander Shevchenko,R,188.0,KAZ,25.128,104.0,597.0,6-0 6-3,3,QF,57.0,7.0,1.0,44.0,33.0,28.0,7.0,8.0,3.0,3.0,1.0,4.0,41.0,28.0,15.0,3.0,7.0,3.0,7.0
2026-8998,Adelaide,Hard,28,250,O,20260115,24,DH50,1.0,,Alejandro Davidovich Fokina,R,180.0,ESP,26.615,15.0,2585.0,VA25,5,,Valentin Vacherot,R,193.0,MON,27.165,32.0,1469.0,7-6(4) 6-2,3,QF,92.0,3.0,1.0,62.0,46.0,35.0,11.0,10.0,0.0,1.0,15.0,4.0,65.0,49.0,32.0,8.0,10.0,2.0,5.0
2026-301,Auckland,Hard,32,250,O,20260116,22,M0NI,3.0,,Jakub Mensik,R,196.0,CZE,20.375,18.0,2125.0,M0CI,,,Fabian Marozsan,R,193.0,HUN,26.275,52.0,975.0,7-6(9) 4-6 6-1,3,SF,127.0,16.0,5.0,98.0,58.0,43.0,21.0,15.0,5.0,8.0,3.0,2.0,96.0,64.0,45.0,15.0,14.0,3.0,7.0
2026-301,Auckland,Hard,32,250,O,20260116,23,B0BI,7.0,,Sebastian Baez,R,170.0,ARG,25.051,39.0,1250.0,GC88,,,Marcos Giron,R,180.0,USA,32.482,60.0,895.0,6-1 6-4,3,SF,87.0,5.0,1.0,52.0,43.0,30.0,7.0,9.0,1.0,2.0,3.0,4.0,80.0,47.0,29.0,11.0,8.0,11.0,15.0
2026-301,Auckland,Hard,32,250,O,20260116,24,B0BI,7.0,,Sebastian Baez,R,170.0,ARG,25.051,39.0,1250.0,S0S1,1,,Ben Shelton,L,193.0,USA,23.272,8.0,3960.0,7-5 6-3,3,QF,98.0,0.0,1.0,61.0,49.0,33.0,6.0,10.0,3.0,5.0,6.0,1.0,73.0,53.0,29.0,8.0,11.0,6.0,11.0
2026-301,Auckland,Hard,32,250,O,20260116,25,M0NI,3.0,,Jakub Mensik,R,196.0,CZE,20.375,18.0,2125.0,M0GZ,,,Giovanni Mpetshi Perricard,R,203.0,FRA,22.527,63.0,865.0,6-4 6-2,3,QF,65.0,8.0,3.0,43.0,27.0,23.0,9.0,9.0,0.0,1.0,5.0,2.0,51.0,33.0,19.0,7.0,9.0,5.0,9.0
2026-301,Auckland,Hard,32,250,O,20260116,26,M0CI,,,Fabian Marozsan,R,193.0,HUN,26.275,52.0,975.0,S0JA,,,Eliot Spizzirri,R,185.0,USA,24.066,89.0,672.0,6-4 2-6 6-2,3,QF,104.0,9.0,2.0,73.0,52.0,35.0,8.0,13.0,2.0,6.0,5.0,1.0,66.0,34.0,26.0,15.0,13.0,2.0,7.0
2026-8998,Adelaide,Hard,28,250,O,20260116,25,M0FH,8.0,,Tomas Machac,R,183.0,CZE,25.259,35.0,1360.0,PL56,2,,Tommy Paul,R,185.0,USA,28.668,21.0,2000.0,2-6 6-3 6-3,3,SF,111.0,8.0,2.0,84.0,51.0,40.0,14.0,13.0,2.0,4.0,3.0,0.0,82.0,49.0,31.0,18.0,13.0,5.0,8.0
2026-8998,Adelaide,Hard,28,250,O,20260116,26,HH26,,,Ugo Humbert,L,188.0,FRA,27.559,36.0,1355.0,DH50,1,,Alejandro Davidovich Fokina,R,180.0,ESP,26.617,15.0,2585.0,6-3 5-7 7-6(4),3,SF,152.0,10.0,2.0,101.0,68.0,53.0,18.0,17.0,0.0,1.0,5.0,2.0,103.0,73.0,51.0,18.0,16.0,2.0,3.0
2026-301,Auckland,Hard,32,250,O,20260117,27,M0NI,3.0,,Jakub Mensik,R,196.0,CZE,20.378,18.0,2125.0,B0BI,7,,Sebastian Baez,R,170.0,ARG,25.054,39.0,1250.0,6-3 7-6(7),3,F,82.0,18.0,3.0,67.0,41.0,39.0,9.0,11.0,1.0,2.0,2.0,3.0,65.0,52.0,35.0,6.0,10.0,3.0,5.0
2026-8998,Adelaide,Hard,28,250,O,20260117,27,M0FH,8.0,,Tomas Machac,R,183.0,CZE,25.262,35.0,1360.0,HH26,,,Ugo Humbert,L,188.0,FRA,27.562,36.0,1355.0,6-4 6-7(2) 6-2,3,F,143.0,5.0,1.0,98.0,67.0,49.0,18.0,15.0,3.0,4.0,8.0,3.0,97.0,60.0,45.0,15.0,15.0,8.0,12.0
2026-580,Australian Open,Hard,128,G,O,20260118,1,F0DM,,,Arthur Fery,R,175.0,GBR,23.521,186.0,316.0,C0E9,20,,Flavio Cobolli,R,183.0,ITA,23.704,22.0,1955.0,7-6(1) 6-4 6-1,5,R128,134.0,6.0,0.0,85.0,60.0,42.0,13.0,0.0,3.0,6.0,7.0,8.0,83.0,48.0,30.0,12.0,0.0,4.0,10.0
2026-580,Australian Open,Hard,128,G,O,20260118,2,MW02,32.0,,Corentin Moutet,L,180.0,FRA,26.752,37.0,1383.0,S0N0,,,Tristan Schoolkate,R,183.0,AUS,24.893,98.0,641.0,6-4 7-6(1) 6-3,5,R128,157.0,6.0,4.0,104.0,61.0,45.0,25.0,0.0,6.0,8.0,8.0,4.0,95.0,56.0,38.0,16.0,0.0,4.0,8.0
2026-580,Australian Open,Hard,128,G,O,20260118,3,EA24,,,Tomas Martin Etcheverry,R,196.0,ARG,26.505,62.0,895.0,KI95,,,Miomir Kecmanovic,R,183.0,SRB,26.385,60.0,910.0,6-2 3-6 4-6 6-3 6-4,5,R128,237.0,20.0,5.0,120.0,76.0,66.0,26.0,0.0,4.0,6.0,8.0,4.0,164.0,104.0,73.0,29.0,0.0,13.0,17.0
2026-580,Australian Open,Hard,128,G,O,20260118,4,C0AU,18.0,,Francisco Cerundolo,R,185.0,ARG,27.433,21.0,2035.0,Z371,,,Zhizhen Zhang,R,193.0,CHN,29.257,368.0,130.0,6-3 7-6(0) 6-3,5,R128,128.0,7.0,2.0,86.0,56.0,45.0,19.0,0.0,0.0,2.0,8.0,1.0,99.0,66.0,42.0,14.0,0.0,6.0,10.0
2026-580,Australian Open,Hard,128,G,O,20260118,5,Z355,3.0,,Alexander Zverev,R,198.0,GER,28.747,3.0,5105.0,D0F6,,,Gabriel Diallo,R,203.0,CAN,24.318,41.0,1215.0,6-7(1) 6-1 6-4 6-2,5,R128,165.0,15.0,1.0,98.0,73.0,61.0,14.0,0.0,1.0,2.0,10.0,5.0,112.0,81.0,57.0,12.0,0.0,2.0,8.0
2026-580,Australian Open,Hard,128,G,O,20260118,6,C0DF,,,Francisco Comesana,R,178.0,ARG,25.284,68.0,829.0,K0A3,,,Patrick Kypson,R,188.0,USA,26.226,116.0,527.0,6-2 6-3 3-6 6-3,5,R128,168.0,20.0,5.0,103.0,98.0,72.0,0.0,0.0,1.0,2.0,12.0,7.0,118.0,111.0,68.0,0.0,0.0,6.0,10.0
2026-580,Australian Open,Hard,128,G,O,20260118,7,D923,,,Damir Dzumhur,R,175.0,BIH,33.665,66.0,837.0,D0DP,,,Liam Draxl,R,185.0,CAN,24.12,145.0,429.0,7-5 6-0 6-4,5,R128,133.0,6.0,3.0,91.0,76.0,52.0,9.0,0.0,6.0,8.0,5.0,4.0,98.0,70.0,41.0,9.0,0.0,5.0,12.0
2026-580,Australian Open,Hard,128,G,O,20260118,8,N0AM,,,Emilio Nava,R,185.0,USA,24.129,89.0,683.0,J0AZ,,,Kyrian Jacquet,R,175.0,FRA,24.69,128.0,477.0,6-2 7-5 6-7(5) 4-6 7-6(6),5,R128,215.0,27.0,6.0,159.0,110.0,87.0,28.0,0.0,5.0,8.0,19.0,6.0,179.0,103.0,79.0,40.0,0.0,6.0,11.0
2026-580,Australian Open,Hard,128,G,O,20260118,9,TD51,29.0,,Frances Tiafoe,R,188.0,USA,27.995,34.0,1500.0,KB95,,,Jason Kubler,R,178.0,AUS,32.668,194.0,305.0,7-6(4) 6-3 6-2,5,R128,136.0,23.0,5.0,108.0,64.0,50.0,22.0,0.0,5.0,6.0,9.0,3.0,81.0,59.0,41.0,10.0,0.0,2.0,6.0
2026-580,Australian Open,Hard,128,G,O,20260118,10,F0F2,,,Jaime Faria,R,188.0,POR,22.453,151.0,413.0,B0PG,,,Alexander Blockx,R,193.0,BEL,20.78,96.0,653.0,6-3 3-6 6-3 6-4,5,R128,145.0,5.0,2.0,114.0,64.0,46.0,30.0,0.0,3.0,5.0,8.0,2.0,100.0,56.0,44.0,23.0,0.0,4.0,8.0
2026-580,Australian Open,Hard,128,G,O,20260118,11,F724,,,Marton Fucsovics,R,188.0,HUN,33.944,54.0,967.0,U182,,,Camilo Ugo Carabelli,R,185.0,ARG,26.59,49.0,1028.0,7-6(5) 6-1 6-2,5,R128,146.0,1.0,5.0,92.0,54.0,37.0,20.0,0.0,2.0,5.0,1.0,4.0,95.0,61.0,31.0,15.0,0.0,5.0,12.0
2026-580,Australian Open,Hard,128,G,O,20260118,12,Z0BZ,,,Michael Zheng,R,188.0,USA,21.977,174.0,337.0,K0AH,,,Sebastian Korda,R,196.0,USA,25.539,53.0,975.0,6-4 6-4 3-6 6-7(0) 6-3,5,R128,224.0,4.0,0.0,174.0,115.0,79.0,34.0,0.0,6.0,7.0,22.0,5.0,142.0,89.0,71.0,31.0,0.0,4.0,8.0
2026-580,Australian Open,Hard,128,G,O,20260118,13,BK92,10.0,,Alexander Bublik,R,196.0,KAZ,28.589,10.0,3065.0,B0CD,,,Jenson Brooksby,R,193.0,USA,25.229,48.0,1042.0,6-4 6-4 6-4,5,R128,127.0,13.0,4.0,94.0,69.0,51.0,12.0,0.0,7.0,8.0,4.0,1.0,97.0,61.0,38.0,20.0,0.0,7.0,11.0
2026-580,Australian Open,Hard,128,G,O,20260118,14,H997,,,Yannick Hanfmann,R,193.0,GER,34.182,102.0,611.0,S0K7,,,Zachary Svajda,R,175.0,USA,23.138,143.0,431.0,7-5 4-6 6-4 7-6(3),5,R128,172.0,19.0,2.0,125.0,75.0,58.0,29.0,0.0,4.0,8.0,11.0,8.0,143.0,102.0,69.0,18.0,0.0,4.0,9.0
2026-580,Australian Open,Hard,128,G,O,20260118,15,N771,26.0,,Cameron Norrie,L,188.0,GBR,30.407,27.0,1553.0,BM95,,,Benjamin Bonzi,R,183.0,FRA,29.61,106.0,566.0,6-0 6-7(2) 4-6 6-3 6-4,5,R128,223.0,16.0,3.0,170.0,111.0,73.0,37.0,0.0,16.0,18.0,9.0,4.0,136.0,86.0,55.0,32.0,0.0,7.0,13.0
2026-580,Australian Open,Hard,128,G,O,20260118,16,A0E2,1.0,,Carlos Alcaraz,R,183.0,ESP,22.705,1.0,12050.0,W09E,,,Adam Walton,R,183.0,AUS,26.755,79.0,727.0,6-3 7-6(2) 6-2,5,R128,126.0,8.0,1.0,83.0,56.0,43.0,18.0,15.0,0.0,1.0,4.0,4.0,87.0,62.0,39.0,11.0,13.0,5.0,8.0
2026-580,Australian Open,Hard,128,G,O,20260119,17,HB64,,,Quentin Halys,R,191.0,FRA,29.232,83.0,725.0,TE30,,,Alejandro Tabilo,L,188.0,CHI,28.632,79.0,737.0,6-2 6-2 7-6(2),5,R128,116.0,12.0,1.0,79.0,44.0,37.0,25.0,0.0,1.0,1.0,7.0,1.0,91.0,55.0,31.0,20.0,0.0,3.0,7.0
2026-580,Australian Open,Hard,128,G,O,20260119,18,BT72,,,Nuno Borges,R,185.0,POR,28.914,46.0,1070.0,AG37,7,,Felix Auger-Aliassime,R,193.0,CAN,25.448,8.0,3990.0,3-6 6-4 6-4 RET,5,R128,136.0,6.0,1.0,84.0,55.0,40.0,17.0,0.0,2.0,5.0,8.0,1.0,79.0,50.0,33.0,19.0,0.0,3.0,6.0
2026-580,Australian Open,Hard,128,G,O,20260119,19,MM58,11.0,,Daniil Medvedev,R,198.0,RUS,29.938,12.0,2910.0,D0C1,,,Jesper de Jong,R,180.0,NED,25.637,73.0,763.0,7-5 6-2 7-6(2),5,R128,175.0,9.0,5.0,111.0,77.0,58.0,11.0,0.0,6.0,10.0,3.0,1.0,117.0,60.0,39.0,22.0,0.0,6.0,13.0
2026-580,Australian Open,Hard,128,G,O,20260119,20,PL56,19.0,,Tommy Paul,R,185.0,USA,28.676,20.0,2050.0,K0AZ,,,Aleksandar Kovacevic,R,183.0,USA,27.392,56.0,964.0,6-4 6-3 6-3,5,R128,94.0,20.0,0.0,67.0,44.0,40.0,16.0,0.0,0.0,0.0,10.0,5.0,77.0,47.0,34.0,13.0,0.0,2.0,6.0
2026-580,Australian Open,Hard,128,G,O,20260119,21,M0JF,,,Hamad Medjedovic,R,188.0,SRB,22.508,90.0,681.0,N0BS,,,Mariano Navone,R,178.0,ARG,24.893,74.0,760.0,6-2 6-7(3) 6-4 6-2,5,R128,184.0,15.0,5.0,124.0,89.0,62.0,22.0,0.0,6.0,7.0,5.0,5.0,131.0,98.0,55.0,19.0,0.0,11.0,17.0
2026-580,Australian Open,Hard,128,G,O,20260119,22,O522,,,Reilly Opelka,R,211.0,USA,28.394,63.0,873.0,B0U4,,,Nicolai Budkov Kjaer,R,191.0,NOR,19.384,135.0,446.0,6-4 6-3 6-4,5,R128,93.0,23.0,4.0,71.0,54.0,51.0,10.0,0.0,2.0,2.0,3.0,3.0,80.0,57.0,39.0,11.0,0.0,1.0,4.0
2026-580,Australian Open,Hard,128,G,O,20260119,23,S0H2,,,Alexander Shevchenko,R,188.0,KAZ,25.139,97.0,650.0,Y218,,,Elias Ymer,R,185.0,SWE,29.777,175.0,337.0,3-6 7-5 6-4 6-1,5,R128,197.0,9.0,5.0,147.0,142.0,90.0,0.0,0.0,9.0,11.0,1.0,4.0,123.0,119.0,72.0,0.0,0.0,6.0,11.0
2026-580,Australian Open,Hard,128,G,O,20260119,24,DH58,6.0,,Alex de Minaur,R,183.0,AUS,26.921,6.0,4080.0,MK66,,,Mackenzie McDonald,R,178.0,USA,30.762,113.0,546.0,6-2 6-2 6-3,5,R128,109.0,9.0,4.0,66.0,34.0,29.0,21.0,0.0,1.0,1.0,7.0,2.0,91.0,55.0,32.0,16.0,0.0,5.0,11.0
2026-580,Australian Open,Hard,128,G,O,20260119,25,RE44,13.0,,Andrey Rublev,R,188.0,RUS,28.249,15.0,2600.0,A0FC,,,Matteo Arnaldi,R,185.0,ITA,24.906,65.0,858.0,6-4 6-2 6-3,5,R128,114.0,8.0,2.0,80.0,55.0,40.0,18.0,0.0,6.0,6.0,4.0,4.0,77.0,42.0,27.0,20.0,0.0,6.0,11.0
2026-580,Australian Open,Hard,128,G,O,20260119,26,DH50,14.0,,Alejandro Davidovich Fokina,R,180.0,ESP,26.626,14.0,2635.0,M0JZ,,,Filip Misolic,R,180.0,AUT,24.449,84.0,725.0,6-2 6-3 6-3,5,R128,103.0,10.0,3.0,84.0,56.0,42.0,17.0,0.0,4.0,4.0,6.0,3.0,83.0,45.0,30.0,14.0,0.0,6.0,11.0
2026-580,Australian Open,Hard,128,G,O,20260119,27,M0CI,,,Fabian Marozsan,R,193.0,HUN,26.283,47.0,1065.0,RC91,24,,Arthur Rinderknech,R,196.0,FRA,30.494,28.0,1551.0,6-3 6-4 6-7(2) 6-4,5,R128,179.0,9.0,2.0,114.0,83.0,66.0,20.0,0.0,0.0,0.0,18.0,2.0,139.0,90.0,58.0,32.0,0.0,8.0,11.0
2026-580,Australian Open,Hard,128,G,O,20260119,28,T0HA,25.0,,Learner Tien,L,180.0,USA,20.131,29.0,1540.0,GC88,,,Marcos Giron,R,180.0,USA,32.49,51.0,985.0,7-6(2) 4-6 3-6 7-6(3) 6-2,5,R128,223.0,21.0,10.0,165.0,103.0,70.0,33.0,0.0,12.0,18.0,14.0,3.0,176.0,114.0,74.0,29.0,0.0,7.0,13.0
2026-580,Australian Open,Hard,128,G,O,20260119,29,C977,,,Marin Cilic,R,198.0,CRO,37.309,70.0,790.0,AE14,,,Daniel Altmaier,R,188.0,GER,27.354,44.0,1123.0,6-0 6-0 7-6(3),5,R128,121.0,20.0,3.0,72.0,53.0,44.0,11.0,0.0,1.0,1.0,8.0,4.0,81.0,60.0,35.0,7.0,0.0,6.0,12.0
2026-580,Australian Open,Hard,128,G,O,20260119,30,S0RE,,,Juncheng Shang,L,180.0,CHN,20.961,318.0,165.0,BD06,,,Roberto Bautista Agut,R,183.0,ESP,37.766,91.0,670.0,6-4 6-7(2) 6-4 6-0,5,R128,176.0,11.0,6.0,113.0,76.0,62.0,19.0,0.0,3.0,4.0,11.0,1.0,107.0,76.0,48.0,18.0,0.0,5.0,11.0
2026-580,Australian Open,Hard,128,G,O,20260119,31,TC61,,,Jordan Thompson,R,183.0,AUS,31.751,111.0,548.0,C0C8,,,Juan Manuel Cerundolo,L,183.0,ARG,24.178,87.0,700.0,6-7(3) 7-5 6-1 6-1,5,R128,197.0,10.0,1.0,115.0,67.0,51.0,34.0,0.0,5.0,5.0,5.0,6.0,125.0,60.0,40.0,35.0,0.0,4.0,10.0
2026-580,Australian Open,Hard,128,G,O,20260119,32,T0A1,,,Thiago Agustin Tirante,R,185.0,ARG,24.778,103.0,605.0,V832,,,Aleksandar Vukic,R,188.0,AUS,29.788,78.0,746.0,7-5 6-2 6-2,5,R128,111.0,20.0,2.0,71.0,44.0,36.0,21.0,0.0,0.0,0.0,8.0,2.0,87.0,49.0,32.0,16.0,0.0,3.0,8.0
2026-580,Australian Open,Hard,128,G,O,20260119,33,SU55,21.0,,Denis Shapovalov,L,185.0,CAN,26.765,23.0,1650.0,Y09V,,,Yunchaokete Bu,R,185.0,CHN,24.0,120.0,499.0,6-3 7-6(3) 6-1,5,R128,137.0,19.0,0.0,83.0,56.0,49.0,20.0,0.0,1.0,1.0,1.0,1.0,96.0,59.0,37.0,21.0,0.0,5.0,8.0
2026-580,Australian Open,Hard,128,G,O,20260119,34,V812,,,Botic van de Zandschulp,R,191.0,NED,30.294,75.0,759.0,N0AE,27,,Brandon Nakashima,R,188.0,USA,24.463,30.0,1535.0,6-3 4-6 7-6(1) 7-6(3),5,R128,210.0,15.0,7.0,143.0,120.0,91.0,8.0,0.0,5.0,6.0,10.0,3.0,126.0,105.0,73.0,15.0,0.0,1.0,3.0
2026-580,Australian Open,Hard,128,G,O,20260119,35,H0BH,,,Rinky Hijikata,R,178.0,AUS,24.903,114.0,542.0,ME82,,,Adrian Mannarino,L,180.0,FRA,37.558,69.0,810.0,6-3 6-3 6-1,5,R128,119.0,4.0,3.0,92.0,87.0,59.0,1.0,0.0,6.0,7.0,7.0,3.0,76.0,70.0,37.0,0.0,0.0,5.0,11.0
2026-580,Australian Open,Hard,128,G,O,20260119,36,M0IF,,,Francesco Maestrelli,R,196.0,ITA,23.08,141.0,436.0,A0GC,,,Terence Atmane,L,193.0,FRA,24.027,64.0,862.0,6-4 3-6 6-7(4) 6-1 6-1,5,R128,208.0,28.0,8.0,134.0,80.0,65.0,31.0,0.0,2.0,3.0,14.0,4.0,145.0,81.0,61.0,33.0,0.0,10.0,16.0
2026-580,Australian Open,Hard,128,G,O,20260119,37,MQ75,,,Kamil Majchrzak,R,183.0,POL,30.018,59.0,918.0,F0BY,,,Jacob Fearnley,R,183.0,GBR,24.515,77.0,752.0,7-6(2) 7-5 3-6 7-6(3),5,R128,208.0,5.0,1.0,155.0,102.0,63.0,35.0,0.0,9.0,14.0,12.0,10.0,143.0,97.0,63.0,25.0,0.0,4.0,8.0
2026-580,Australian Open,Hard,128,G,O,20260119,38,W367,,,Stan Wawrinka,R,183.0,SUI,40.813,139.0,437.0,DB63,,,Laslo Djere,R,188.0,SRB,30.634,92.0,659.0,5-7 6-3 6-4 7-6(4),5,R128,203.0,14.0,2.0,116.0,79.0,66.0,21.0,0.0,2.0,4.0,9.0,5.0,150.0,98.0,71.0,23.0,0.0,15.0,18.0
2026-580,Australian Open,Hard,128,G,O,20260119,39,D643,4.0,,Novak Djokovic,R,188.0,SRB,38.664,4.0,4780.0,MO44,,,Pedro Martinez,R,185.0,ESP,28.734,71.0,768.0,6-3 6-2 6-2,5,R128,120.0,14.0,0.0,57.0,44.0,41.0,11.0,0.0,0.0,0.0,2.0,6.0,98.0,70.0,42.0,10.0,0.0,7.0,12.0
2026-580,Australian Open,Hard,128,G,O,20260119,40,RH16,12.0,,Casper Ruud,R,183.0,NOR,27.077,13.0,2795.0,B0GG,,,Mattia Bellucci,L,175.0,ITA,24.635,76.0,758.0,6-1 6-2 6-4,5,R128,102.0,10.0,2.0,76.0,53.0,41.0,15.0,0.0,1.0,1.0,8.0,3.0,73.0,50.0,32.0,8.0,0.0,9.0,14.0
2026-580,Australian Open,Hard,128,G,O,20260119,41,G0IX,,,Arthur Gea,R,180.0,FRA,21.046,198.0,300.0,L0BV,17,,Jiri Lehecka,R,185.0,CZE,24.197,19.0,2090.0,7-5 7-6(1) 7-5,5,R128,165.0,7.0,4.0,108.0,73.0,52.0,21.0,0.0,3.0,6.0,8.0,1.0,118.0,74.0,51.0,19.0,0.0,10.0,15.0
2026-580,Australian Open,Hard,128,G,O,20260119,42,VA25,30.0,,Valentin Vacherot,R,193.0,MON,27.176,31.0,1519.0,D0DT,,,Martin Damm,L,203.0,USA,,177.0,333.0,6-4 6-4 6-4,5,R128,117.0,18.0,2.0,92.0,62.0,52.0,16.0,0.0,5.0,5.0,16.0,4.0,84.0,55.0,41.0,13.0,0.0,0.0,3.0
2026-580,Australian Open,Hard,128,G,O,20260119,43,MU94,,,Jaume Munar,R,183.0,ESP,28.709,39.0,1335.0,S0GD,,,Dalibor Svrcina,R,178.0,CZE,23.299,95.0,655.0,3-6 6-2 6-7(5) 7-5 6-3,5,R128,270.0,18.0,6.0,163.0,108.0,79.0,27.0,0.0,5.0,10.0,6.0,10.0,164.0,101.0,67.0,31.0,0.0,11.0,18.0
2026-580,Australian Open,Hard,128,G,O,20260119,44,MP20,,,Alexandre Muller,R,183.0,FRA,28.964,52.0,980.0,P09Z,,,Alexei Popyrin,R,196.0,AUS,26.459,50.0,1000.0,2-6 6-3 3-6 7-6(5) 7-6(4),5,R128,236.0,5.0,4.0,154.0,111.0,78.0,23.0,0.0,5.0,10.0,40.0,0.0,155.0,100.0,75.0,33.0,0.0,7.0,10.0
2026-580,Australian Open,Hard,128,G,O,20260120,45,M0EJ,5.0,,Lorenzo Musetti,R,185.0,ITA,23.885,5.0,4105.0,C0JP,,,Raphael Collignon,R,191.0,BEL,24.019,72.0,767.0,4-6 7-6(3) 7-5 3-2 RET,5,R128,187.0,10.0,3.0,120.0,81.0,55.0,24.0,0.0,11.0,15.0,11.0,6.0,129.0,70.0,49.0,28.0,0.0,5.0,10.0
2026-580,Australian Open,Hard,128,G,O,20260120,46,S0S1,8.0,,Ben Shelton,L,193.0,USA,23.283,7.0,4000.0,HH26,,,Ugo Humbert,L,188.0,FRA,27.57,33.0,1510.0,6-3 7-6(2) 7-6(5),5,R128,160.0,15.0,2.0,103.0,72.0,56.0,20.0,0.0,1.0,3.0,5.0,6.0,107.0,64.0,47.0,21.0,0.0,7.0,10.0
2026-580,Australian Open,Hard,128,G,O,20260120,47,KE29,15.0,,Karen Khachanov,R,198.0,RUS,29.667,18.0,2320.0,M0QI,,,Alex Michelsen,R,193.0,USA,21.405,38.0,1350.0,4-6 6-4 6-3 5-7 6-3,5,R128,237.0,24.0,4.0,176.0,112.0,86.0,31.0,0.0,11.0,13.0,16.0,4.0,142.0,94.0,72.0,25.0,0.0,11.0,15.0
2026-580,Australian Open,Hard,128,G,O,20260120,48,M0NI,16.0,,Jakub Mensik,R,196.0,CZE,20.386,17.0,2345.0,CD85,,,Pablo Carreno Busta,R,188.0,ESP,34.527,94.0,656.0,7-5 4-6 2-6 7-6(1) 6-3,5,R128,253.0,27.0,19.0,185.0,105.0,79.0,31.0,0.0,12.0,18.0,1.0,6.0,161.0,109.0,75.0,23.0,0.0,6.0,12.0
2026-580,Australian Open,Hard,128,G,O,20260120,49,D0FJ,22.0,,Luciano Darderi,R,183.0,ITA,23.932,25.0,1599.0,GD64,,,Cristian Garin,R,185.0,CHI,29.643,82.0,726.0,7-6(5) 7-5 7-6(3),5,R128,176.0,15.0,2.0,101.0,63.0,50.0,25.0,0.0,2.0,4.0,12.0,6.0,132.0,78.0,54.0,27.0,0.0,8.0,11.0
2026-580,Australian Open,Hard,128,G,O,20260120,50,Q02L,,,Ethan Quinn,R,191.0,USA,21.859,80.0,733.0,GJ37,23,,Tallon Griekspoor,R,188.0,NED,29.552,26.0,1565.0,6-2 6-3 6-2,5,R128,98.0,5.0,2.0,59.0,39.0,29.0,16.0,0.0,0.0,2.0,6.0,8.0,80.0,51.0,28.0,12.0,0.0,8.0,15.0
2026-580,Australian Open,Hard,128,G,O,20260120,51,S0JA,,,Eliot Spizzirri,R,185.0,USA,24.077,85.0,725.0,F0FV,28,,Joao Fonseca,R,188.0,BRA,19.417,32.0,1510.0,6-4 2-6 6-1 6-2,5,R128,161.0,14.0,2.0,97.0,65.0,53.0,16.0,0.0,7.0,9.0,10.0,5.0,102.0,63.0,42.0,19.0,0.0,8.0,13.0
2026-580,Australian Open,Hard,128,G,O,20260120,52,B0BI,,,Sebastian Baez,R,170.0,ARG,25.062,36.0,1390.0,M0GZ,,,Giovanni Mpetshi Perricard,R,203.0,FRA,22.538,61.0,905.0,6-4 6-4 3-6 5-7 6-3,5,R128,195.0,10.0,2.0,154.0,120.0,87.0,18.0,0.0,10.0,13.0,30.0,5.0,150.0,107.0,78.0,23.0,0.0,6.0,10.0
2026-580,Australian Open,Hard,128,G,O,20260120,53,B0NN,,,Nishesh Basavareddy,R,180.0,USA,20.72,242.0,230.0,O483,,,Christopher O'Connell,R,183.0,AUS,31.633,118.0,521.0,4-6 7-6(7) 6-7(3) 6-2 6-3,5,R128,251.0,17.0,5.0,148.0,85.0,64.0,40.0,0.0,1.0,4.0,25.0,3.0,176.0,108.0,80.0,31.0,0.0,8.0,13.0
2026-580,Australian Open,Hard,128,G,O,20260120,54,SU87,,,Lorenzo Sonego,R,191.0,ITA,30.697,40.0,1240.0,TE16,,,Carlos Taberner,R,183.0,ESP,28.452,99.0,630.0,6-4 6-0 6-3,5,R128,106.0,13.0,2.0,62.0,46.0,37.0,8.0,0.0,0.0,1.0,1.0,11.0,77.0,51.0,28.0,9.0,0.0,5.0,12.0
2026-580,Australian Open,Hard,128,G,O,20260120,55,WB32,,,Yibing Wu,R,183.0,CHN,26.27,168.0,347.0,N0BG,,,Luca Nardi,R,185.0,ITA,22.459,108.0,561.0,7-5 4-6 6-4 6-2,5,R128,,7.0,3.0,132.0,75.0,52.0,32.0,0.0,15.0,19.0,7.0,6.0,117.0,66.0,42.0,27.0,0.0,6.0,13.0
2026-580,Australian Open,Hard,128,G,O,20260120,56,S0IA,,,Dane Sweeny,R,170.0,AUS,24.936,182.0,325.0,MC65,,,Gael Monfils,R,193.0,FRA,39.387,110.0,550.0,6-7(3) 7-5 6-4 7-5,5,R128,,2.0,3.0,148.0,104.0,74.0,25.0,0.0,9.0,11.0,14.0,6.0,164.0,112.0,79.0,24.0,0.0,14.0,19.0
2026-580,Australian Open,Hard,128,G,O,20260120,57,J0DZ,,,Rafael Jodar,R,191.0,ESP,19.343,150.0,418.0,S0UV,,,Rei Sakamoto,R,193.0,JPN,19.576,203.0,292.0,7-6(6) 6-1 5-7 4-6 6-3,5,R128,234.0,4.0,1.0,160.0,99.0,70.0,39.0,0.0,6.0,9.0,6.0,4.0,173.0,112.0,76.0,34.0,0.0,10.0,15.0
2026-580,Australian Open,Hard,128,G,O,20260120,58,S0AG,2.0,,Jannik Sinner,R,191.0,ITA,24.43,2.0,11500.0,G09O,,,Hugo Gaston,L,173.0,FRA,25.317,93.0,656.0,6-2 6-1 RET,5,R128,71.0,6.0,0.0,45.0,29.0,25.0,8.0,0.0,3.0,3.0,0.0,0.0,47.0,23.0,14.0,8.0,0.0,3.0,7.0
2026-580,Australian Open,Hard,128,G,O,20260120,59,FB98,9.0,,Taylor Fritz,R,196.0,USA,28.23,9.0,3840.0,R0EB,,,Valentin Royer,R,188.0,FRA,24.646,58.0,924.0,7-6(5) 5-7 6-1 6-3,5,R128,182.0,24.0,3.0,110.0,76.0,62.0,18.0,0.0,4.0,7.0,19.0,6.0,150.0,89.0,62.0,25.0,0.0,15.0,21.0
2026-580,Australian Open,Hard,128,G,O,20260120,60,HB71,,,Hubert Hurkacz,R,196.0,POL,28.939,55.0,965.0,BU13,,,Zizou Bergs,R,185.0,BEL,26.634,43.0,1170.0,6-7(6) 7-6(6) 6-3 6-3,5,R128,204.0,18.0,2.0,140.0,110.0,87.0,15.0,0.0,6.0,6.0,15.0,6.0,147.0,106.0,75.0,23.0,0.0,8.0,11.0
2026-580,Australian Open,Hard,128,G,O,20260120,61,KI82,,,Vit Kopriva,R,178.0,CZE,28.6,101.0,626.0,SL28,,,Jan-Lennard Struff,R,193.0,GER,35.74,86.0,706.0,4-6 6-2 2-6 6-3 6-1,5,R128,190.0,19.0,5.0,169.0,110.0,78.0,24.0,0.0,16.0,20.0,16.0,10.0,121.0,78.0,51.0,18.0,0.0,5.0,12.0
2026-580,Australian Open,Hard,128,G,O,20260120,62,M0FH,,,Tomas Machac,R,183.0,CZE,25.27,24.0,1610.0,D875,,,Grigor Dimitrov,R,191.0,BUL,34.683,45.0,1105.0,6-4 6-4 6-3,5,R128,107.0,21.0,1.0,82.0,58.0,45.0,15.0,0.0,4.0,4.0,11.0,4.0,97.0,78.0,48.0,8.0,0.0,6.0,10.0
2026-580,Australian Open,Hard,128,G,O,20260120,63,TE51,31.0,,Stefanos Tsitsipas,R,193.0,GRE,27.441,35.0,1455.0,M0HU,,,Shintaro Mochizuki,R,175.0,JPN,22.637,112.0,547.0,4-6 6-3 6-2 6-2,5,R128,180.0,16.0,6.0,105.0,72.0,57.0,16.0,0.0,7.0,8.0,3.0,6.0,136.0,79.0,50.0,26.0,0.0,15.0,20.0
2026-580,Australian Open,Hard,128,G,O,20260120,64,D994,,,James Duckworth,R,183.0,AUS,33.999,88.0,694.0,P0HW,,,Dino Prizmic,R,188.0,CRO,20.46,127.0,481.0,7-6(4) 3-6 1-6 7-5 6-3,5,R128,262.0,16.0,5.0,179.0,119.0,80.0,30.0,0.0,14.0,20.0,9.0,12.0,174.0,108.0,76.0,35.0,0.0,14.0,18.0
2026-580,Australian Open,Hard,128,G,O,20260121,65,C0AU,18.0,,Francisco Cerundolo,R,185.0,ARG,27.441,21.0,2035.0,D923,,,Damir Dzumhur,R,175.0,BIH,33.673,66.0,837.0,6-3 6-2 6-1,5,R64,98.0,10.0,1.0,66.0,36.0,29.0,20.0,0.0,2.0,3.0,3.0,1.0,78.0,50.0,29.0,12.0,0.0,5.0,12.0
2026-580,Australian Open,Hard,128,G,O,20260121,66,PL56,19.0,,Tommy Paul,R,185.0,USA,28.682,20.0,2050.0,T0A1,,,Thiago Agustin Tirante,R,185.0,ARG,24.783,103.0,605.0,6-3 6-4 6-2,5,R64,124.0,4.0,1.0,82.0,47.0,37.0,23.0,0.0,4.0,4.0,12.0,3.0,85.0,48.0,36.0,11.0,0.0,6.0,10.0
2026-580,Australian Open,Hard,128,G,O,20260121,67,RE44,13.0,,Andrey Rublev,R,188.0,RUS,28.255,15.0,2600.0,F0F2,,,Jaime Faria,R,188.0,POR,22.461,151.0,413.0,6-4 6-3 4-6 7-5,5,R64,172.0,6.0,3.0,125.0,88.0,67.0,20.0,0.0,10.0,12.0,10.0,5.0,120.0,77.0,53.0,22.0,0.0,4.0,9.0
2026-580,Australian Open,Hard,128,G,O,20260121,68,M0CI,,,Fabian Marozsan,R,193.0,HUN,26.289,47.0,1065.0,MQ75,,,Kamil Majchrzak,R,183.0,POL,30.023,59.0,918.0,6-3 6-4 7-6(5),5,R64,144.0,5.0,2.0,113.0,83.0,52.0,16.0,0.0,8.0,12.0,3.0,4.0,119.0,80.0,45.0,14.0,0.0,8.0,14.0
2026-580,Australian Open,Hard,128,G,O,20260121,69,MM58,11.0,,Daniil Medvedev,R,198.0,RUS,29.944,12.0,2910.0,HB64,,,Quentin Halys,R,191.0,FRA,29.238,83.0,725.0,6-7(9) 6-3 6-4 6-2,5,R64,184.0,13.0,4.0,145.0,98.0,72.0,26.0,0.0,10.0,12.0,6.0,6.0,115.0,75.0,54.0,16.0,0.0,4.0,10.0
2026-580,Australian Open,Hard,128,G,O,20260121,70,EA24,,,Tomas Martin Etcheverry,R,196.0,ARG,26.513,62.0,895.0,F0DM,,,Arthur Fery,R,175.0,GBR,23.529,186.0,316.0,7-6(4) 6-1 6-3,5,R64,165.0,11.0,1.0,102.0,70.0,47.0,23.0,0.0,9.0,10.0,5.0,1.0,92.0,66.0,40.0,14.0,0.0,6.0,11.0
2026-580,Australian Open,Hard,128,G,O,20260121,71,A0E2,1.0,,Carlos Alcaraz,R,183.0,ESP,22.714,1.0,12050.0,H997,,,Yannick Hanfmann,R,193.0,GER,34.19,102.0,611.0,7-6(4) 6-4 6-3,5,R64,166.0,12.0,3.0,111.0,69.0,47.0,26.0,15.0,6.0,7.0,7.0,4.0,100.0,62.0,43.0,17.0,14.0,5.0,9.0
2026-580,Australian Open,Hard,128,G,O,20260121,72,BK92,10.0,,Alexander Bublik,R,196.0,KAZ,28.597,10.0,3065.0,F724,,,Marton Fucsovics,R,188.0,HUN,33.952,54.0,967.0,7-5 6-4 7-5,5,R64,134.0,12.0,4.0,90.0,63.0,48.0,14.0,0.0,0.0,2.0,6.0,6.0,119.0,72.0,44.0,26.0,0.0,8.0,13.0
2026-580,Australian Open,Hard,128,G,O,20260121,73,DH50,14.0,,Alejandro Davidovich Fokina,R,180.0,ESP,26.631,14.0,2635.0,O522,,,Reilly Opelka,R,211.0,USA,28.4,63.0,873.0,6-3 7-6(3) 5-7 4-6 6-4,5,R64,230.0,12.0,1.0,165.0,129.0,98.0,20.0,0.0,9.0,11.0,37.0,12.0,161.0,108.0,81.0,30.0,0.0,9.0,11.0
2026-580,Australian Open,Hard,128,G,O,20260121,74,T0HA,25.0,,Learner Tien,L,180.0,USA,20.137,29.0,1540.0,S0H2,,,Alexander Shevchenko,R,188.0,KAZ,25.144,97.0,650.0,6-2 5-7 6-1 6-0,5,R64,124.0,9.0,2.0,92.0,55.0,45.0,19.0,0.0,2.0,4.0,4.0,1.0,94.0,59.0,31.0,17.0,0.0,4.0,13.0
2026-580,Australian Open,Hard,128,G,O,20260121,75,MW02,32.0,,Corentin Moutet,L,180.0,FRA,26.76,37.0,1383.0,Z0BZ,,,Michael Zheng,R,188.0,USA,21.985,174.0,337.0,3-6 6-1 6-3 2-0 RET,5,R64,121.0,10.0,5.0,76.0,46.0,33.0,16.0,0.0,4.0,7.0,3.0,1.0,84.0,62.0,37.0,6.0,0.0,0.0,7.0
2026-580,Australian Open,Hard,128,G,O,20260121,76,BT72,,,Nuno Borges,R,185.0,POR,28.92,46.0,1070.0,TC61,,,Jordan Thompson,R,183.0,AUS,31.756,111.0,548.0,6-7(9) 6-3 6-2 6-4,5,R64,186.0,10.0,4.0,130.0,89.0,64.0,24.0,0.0,5.0,7.0,12.0,1.0,121.0,70.0,46.0,26.0,0.0,1.0,7.0
2026-580,Australian Open,Hard,128,G,O,20260121,77,Z355,3.0,,Alexander Zverev,R,198.0,GER,28.756,3.0,5105.0,MP20,,,Alexandre Muller,R,183.0,FRA,28.969,52.0,980.0,6-3 4-6 6-3 6-4,5,R64,183.0,18.0,1.0,108.0,74.0,53.0,21.0,0.0,5.0,8.0,4.0,2.0,125.0,86.0,55.0,18.0,0.0,10.0,16.0
2026-580,Australian Open,Hard,128,G,O,20260121,78,DH58,6.0,,Alex de Minaur,R,183.0,AUS,26.927,6.0,4080.0,M0JF,,,Hamad Medjedovic,R,188.0,SRB,22.513,90.0,681.0,6-7(5) 6-2 6-2 6-1,5,R64,184.0,12.0,4.0,110.0,77.0,59.0,20.0,0.0,2.0,3.0,19.0,11.0,137.0,88.0,57.0,19.0,0.0,14.0,21.0
2026-580,Australian Open,Hard,128,G,O,20260121,79,N771,26.0,,Cameron Norrie,L,188.0,GBR,30.415,27.0,1553.0,N0AM,,,Emilio Nava,R,185.0,USA,24.137,89.0,683.0,6-1 7-6(3) 4-6 7-6(5),5,R64,200.0,5.0,2.0,144.0,112.0,79.0,19.0,0.0,7.0,10.0,19.0,5.0,148.0,105.0,69.0,22.0,0.0,15.0,19.0
2026-580,Australian Open,Hard,128,G,O,20260121,80,TD51,29.0,,Frances Tiafoe,R,188.0,USA,28.003,34.0,1500.0,C0DF,,,Francisco Comesana,R,178.0,ARG,25.292,68.0,829.0,6-4 6-3 4-6 6-2,5,R64,185.0,7.0,1.0,108.0,61.0,52.0,25.0,0.0,4.0,5.0,15.0,5.0,124.0,84.0,57.0,17.0,0.0,12.0,17.0
2026-580,Australian Open,Hard,128,G,O,20260122,81,KE29,15.0,,Karen Khachanov,R,198.0,RUS,29.673,18.0,2320.0,B0NN,,,Nishesh Basavareddy,R,180.0,USA,20.726,242.0,230.0,6-1 6-4 6-3,5,R64,118.0,15.0,1.0,70.0,53.0,43.0,12.0,0.0,4.0,4.0,10.0,3.0,93.0,45.0,32.0,17.0,0.0,7.0,12.0
2026-580,Australian Open,Hard,128,G,O,20260122,82,M0NI,16.0,,Jakub Mensik,R,196.0,CZE,20.392,17.0,2345.0,J0DZ,,,Rafael Jodar,R,191.0,ESP,19.348,150.0,418.0,6-2 6-4 6-4,5,R64,120.0,9.0,2.0,90.0,55.0,44.0,15.0,0.0,4.0,6.0,3.0,1.0,85.0,52.0,31.0,16.0,0.0,5.0,11.0
2026-580,Australian Open,Hard,128,G,O,20260122,83,D643,4.0,,Novak Djokovic,R,188.0,SRB,38.672,4.0,4780.0,M0IF,Q,,Francesco Maestrelli,R,196.0,ITA,23.088,141.0,436.0,6-3 6-2 6-2,5,R64,136.0,5.0,4.0,78.0,52.0,45.0,9.0,0.0,4.0,5.0,10.0,4.0,93.0,56.0,30.0,15.0,0.0,10.0,16.0
2026-580,Australian Open,Hard,128,G,O,20260122,84,M0EJ,5.0,,Lorenzo Musetti,R,185.0,ITA,23.89,5.0,4105.0,SU87,,,Lorenzo Sonego,R,191.0,ITA,30.702,40.0,1240.0,6-3 6-3 6-4,5,R64,169.0,2.0,2.0,87.0,58.0,40.0,17.0,0.0,4.0,6.0,5.0,6.0,116.0,77.0,47.0,13.0,0.0,17.0,23.0
2026-580,Australian Open,Hard,128,G,O,20260122,85,S0S1,8.0,,Ben Shelton,L,193.0,USA,23.288,7.0,4000.0,S0IA,,,Dane Sweeny,R,170.0,AUS,24.942,182.0,325.0,6-3 6-2 6-2,5,R64,104.0,19.0,2.0,64.0,44.0,39.0,14.0,0.0,0.0,0.0,0.0,5.0,80.0,58.0,36.0,8.0,0.0,7.0,12.0
2026-580,Australian Open,Hard,128,G,O,20260122,86,D0FJ,22.0,,Luciano Darderi,R,183.0,ITA,23.937,25.0,1599.0,B0BI,,,Sebastian Baez,R,170.0,ARG,25.068,36.0,1390.0,6-3 1-6 6-4 6-3,5,R64,149.0,10.0,1.0,104.0,67.0,41.0,21.0,0.0,5.0,10.0,4.0,3.0,106.0,82.0,49.0,11.0,0.0,8.0,14.0
2026-580,Australian Open,Hard,128,G,O,20260122,87,VA25,30.0,,Valentin Vacherot,R,193.0,MON,27.184,31.0,1519.0,H0BH,,,Rinky Hijikata,R,178.0,AUS,24.912,114.0,542.0,6-1 6-3 4-6 6-2,5,R64,151.0,15.0,4.0,99.0,70.0,56.0,16.0,0.0,4.0,5.0,5.0,5.0,109.0,87.0,55.0,8.0,0.0,5.0,11.0
2026-580,Australian Open,Hard,128,G,O,20260122,88,Q02L,,,Ethan Quinn,R,191.0,USA,21.864,80.0,733.0,HB71,,,Hubert Hurkacz,R,196.0,POL,28.945,55.0,965.0,6-4 7-6(5) 6-1,5,R64,136.0,12.0,2.0,108.0,72.0,56.0,21.0,0.0,8.0,8.0,9.0,1.0,95.0,62.0,40.0,18.0,0.0,4.0,7.0
2026-580,Australian Open,Hard,128,G,O,20260122,89,S0JA,,,Eliot Spizzirri,R,185.0,USA,24.082,85.0,725.0,WB32,,,Yibing Wu,R,183.0,CHN,26.275,168.0,347.0,6-2 6-4 6-7(4) 4-6 6-3,5,R64,225.0,8.0,4.0,170.0,121.0,83.0,26.0,0.0,11.0,14.0,11.0,6.0,164.0,111.0,77.0,22.0,0.0,9.0,15.0
2026-580,Australian Open,Hard,128,G,O,20260122,90,V812,,,Botic van de Zandschulp,R,191.0,NED,30.303,75.0,759.0,S0RE,,,Juncheng Shang,L,180.0,CHN,20.969,318.0,165.0,7-6(6) 6-2 6-3,5,R64,136.0,15.0,6.0,94.0,64.0,56.0,13.0,0.0,1.0,1.0,2.0,3.0,101.0,68.0,46.0,16.0,0.0,9.0,13.0
2026-580,Australian Open,Hard,128,G,O,20260122,91,C977,,,Marin Cilic,R,198.0,CRO,37.317,70.0,790.0,SU55,21,,Denis Shapovalov,L,185.0,CAN,26.773,23.0,1650.0,6-4 6-3 6-2,5,R64,130.0,5.0,5.0,91.0,54.0,43.0,17.0,0.0,4.0,6.0,3.0,7.0,82.0,47.0,29.0,12.0,0.0,6.0,12.0
2026-580,Australian Open,Hard,128,G,O,20260122,92,S0AG,2.0,,Jannik Sinner,R,191.0,ITA,24.435,2.0,11500.0,D994,,,James Duckworth,R,183.0,AUS,34.004,88.0,694.0,6-1 6-4 6-2,5,R64,,18.0,2.0,77.0,53.0,45.0,13.0,0.0,3.0,3.0,9.0,4.0,79.0,50.0,35.0,8.0,0.0,9.0,14.0
2026-580,Australian Open,Hard,128,G,O,20260122,93,M0FH,,,Tomas Machac,R,183.0,CZE,25.276,24.0,1610.0,TE51,31,,Stefanos Tsitsipas,R,193.0,GRE,27.447,35.0,1455.0,6-4 3-6 7-6(5) 7-6(5),5,R64,187.0,6.0,6.0,139.0,97.0,67.0,28.0,0.0,7.0,10.0,24.0,8.0,135.0,83.0,65.0,26.0,0.0,0.0,3.0
2026-580,Australian Open,Hard,128,G,O,20260122,94,W367,,,Stan Wawrinka,R,183.0,SUI,40.821,139.0,437.0,G0IX,,,Arthur Gea,R,180.0,FRA,21.054,198.0,300.0,4-6 6-3 3-6 7-5 7-6(3),5,R64,274.0,11.0,3.0,177.0,139.0,92.0,23.0,0.0,10.0,14.0,13.0,7.0,170.0,121.0,83.0,23.0,0.0,9.0,13.0
2026-580,Australian Open,Hard,128,G,O,20260122,95,FB98,9.0,,Taylor Fritz,R,196.0,USA,28.241,9.0,3840.0,KI82,,,Vit Kopriva,R,178.0,CZE,28.611,101.0,626.0,6-1 6-4 7-6(4),5,R64,119.0,15.0,1.0,88.0,70.0,56.0,11.0,0.0,2.0,3.0,3.0,2.0,86.0,53.0,33.0,19.0,0.0,3.0,7.0
2026-580,Australian Open,Hard,128,G,O,20260122,96,RH16,12.0,,Casper Ruud,R,183.0,NOR,27.086,13.0,2795.0,MU94,,,Jaume Munar,R,183.0,ESP,28.717,39.0,1335.0,6-3 7-5 6-4,5,R64,144.0,5.0,3.0,97.0,56.0,45.0,24.0,0.0,2.0,2.0,5.0,4.0,89.0,42.0,29.0,29.0,0.0,7.0,10.0
2026-580,Australian Open,Hard,128,G,O,20260123,97,T0HA,25.0,,Learner Tien,L,180.0,USA,20.142,29.0,1540.0,BT72,,,Nuno Borges,R,185.0,POR,28.925,46.0,1070.0,7-6(9) 6-4 6-2,5,R32,127.0,8.0,5.0,101.0,72.0,52.0,15.0,0.0,4.0,6.0,8.0,2.0,96.0,80.0,51.0,7.0,0.0,3.0,8.0
2026-580,Australian Open,Hard,128,G,O,20260123,98,MM58,11.0,,Daniil Medvedev,R,198.0,RUS,29.949,12.0,2910.0,M0CI,,,Fabian Marozsan,R,193.0,HUN,26.294,47.0,1065.0,6-7(5) 4-6 7-5 6-0 6-3,5,R32,226.0,19.0,10.0,146.0,94.0,61.0,30.0,0.0,5.0,12.0,0.0,2.0,188.0,134.0,82.0,16.0,0.0,17.0,28.0
2026-580,Australian Open,Hard,128,G,O,20260123,99,PL56,19.0,,Tommy Paul,R,185.0,USA,28.687,20.0,2050.0,DH50,14,,Alejandro Davidovich Fokina,R,180.0,ESP,26.637,14.0,2635.0,6-1 6-1 RET,5,R32,55.0,3.0,0.0,32.0,21.0,19.0,9.0,0.0,0.0,0.0,3.0,4.0,51.0,31.0,15.0,8.0,0.0,3.0,8.0
2026-580,Australian Open,Hard,128,G,O,20260123,100,A0E2,1.0,,Carlos Alcaraz,R,183.0,ESP,22.721,1.0,12050.0,MW02,32,,Corentin Moutet,L,180.0,FRA,26.765,37.0,1383.0,6-2 6-4 6-1,5,R32,127.0,3.0,1.0,72.0,51.0,37.0,11.0,0.0,2.0,4.0,0.0,5.0,93.0,56.0,29.0,15.0,0.0,5.0,13.0
2026-580,Australian Open,Hard,128,G,O,20260123,101,Z355,3.0,,Alexander Zverev,R,198.0,GER,28.761,3.0,5105.0,N771,26,,Cameron Norrie,L,188.0,GBR,30.42,27.0,1553.0,7-5 4-6 6-3 6-1,5,R32,,16.0,1.0,106.0,79.0,61.0,14.0,0.0,3.0,5.0,5.0,2.0,116.0,83.0,53.0,18.0,0.0,8.0,14.0
2026-580,Australian Open,Hard,128,G,O,20260123,102,DH58,6.0,,Alex de Minaur,R,183.0,AUS,26.932,6.0,4080.0,TD51,29,,Frances Tiafoe,R,188.0,USA,28.008,34.0,1500.0,6-3 6-4 7-5,5,R32,163.0,8.0,6.0,97.0,60.0,46.0,20.0,0.0,3.0,5.0,6.0,1.0,101.0,60.0,35.0,22.0,0.0,7.0,12.0
2026-580,Australian Open,Hard,128,G,O,20260123,103,C0AU,18.0,,Francisco Cerundolo,R,185.0,ARG,27.447,21.0,2035.0,RE44,13,,Andrey Rublev,R,188.0,RUS,28.26,15.0,2600.0,6-3 7-6(4) 6-3,5,R32,129.0,8.0,2.0,100.0,66.0,52.0,20.0,0.0,2.0,3.0,5.0,5.0,81.0,50.0,42.0,12.0,0.0,3.0,6.0
2026-580,Australian Open,Hard,128,G,O,20260123,104,BK92,10.0,,Alexander Bublik,R,196.0,KAZ,28.602,10.0,3065.0,EA24,,,Tomas Martin Etcheverry,R,196.0,ARG,26.519,62.0,895.0,7-6(4) 7-6(5) 6-4,5,R32,155.0,21.0,2.0,104.0,67.0,60.0,23.0,0.0,3.0,3.0,10.0,1.0,112.0,75.0,56.0,24.0,0.0,3.0,4.0
2026-580,Australian Open,Hard,128,G,O,20260124,105,D0FJ,22.0,,Luciano Darderi,R,183.0,ITA,23.943,25.0,1599.0,KE29,15,,Karen Khachanov,R,198.0,RUS,29.678,18.0,2320.0,7-6(5) 3-6 6-3 6-4,5,R32,206.0,17.0,4.0,126.0,78.0,59.0,27.0,0.0,2.0,4.0,14.0,4.0,139.0,91.0,64.0,26.0,0.0,5.0,8.0
2026-580,Australian Open,Hard,128,G,O,20260124,106,M0EJ,5.0,,Lorenzo Musetti,R,185.0,ITA,23.896,5.0,4105.0,M0FH,,,Tomas Machac,R,183.0,CZE,25.281,24.0,1610.0,5-7 6-4 6-2 5-7 6-2,5,R32,265.0,10.0,5.0,156.0,118.0,79.0,17.0,0.0,10.0,15.0,3.0,3.0,197.0,153.0,88.0,19.0,0.0,18.0,26.0
2026-580,Australian Open,Hard,128,G,O,20260124,107,S0AG,2.0,,Jannik Sinner,R,191.0,ITA,24.441,2.0,11500.0,S0JA,,,Eliot Spizzirri,R,185.0,USA,24.088,85.0,725.0,4-6 6-3 6-4 6-4,5,R32,222.0,17.0,4.0,131.0,88.0,56.0,19.0,13.0,10.0,16.0,6.0,3.0,108.0,70.0,46.0,17.0,11.0,3.0,11.0
2026-580,Australian Open,Hard,128,G,O,20260124,108,S0S1,8.0,,Ben Shelton,L,193.0,USA,23.294,7.0,4000.0,VA25,30,,Valentin Vacherot,R,193.0,MON,27.19,31.0,1519.0,6-4 6-4 7-6(5),5,R32,138.0,15.0,1.0,96.0,63.0,50.0,22.0,0.0,1.0,1.0,12.0,4.0,91.0,63.0,50.0,13.0,0.0,2.0,4.0
2026-580,Australian Open,Hard,128,G,O,20260124,109,FB98,9.0,,Taylor Fritz,R,196.0,USA,28.241,9.0,3840.0,W367,,,Stan Wawrinka,R,183.0,SUI,40.827,139.0,437.0,7-6(5) 2-6 6-4 6-4,5,R32,165.0,30.0,1.0,120.0,84.0,71.0,18.0,0.0,5.0,7.0,16.0,3.0,114.0,70.0,60.0,24.0,0.0,5.0,7.0
2026-580,Australian Open,Hard,128,G,O,20260124,110,D643,4.0,,Novak Djokovic,R,188.0,SRB,38.678,4.0,4780.0,V812,,,Botic van de Zandschulp,R,191.0,NED,30.308,75.0,759.0,6-3 6-4 7-6(4),5,R32,164.0,11.0,5.0,93.0,61.0,46.0,20.0,14.0,5.0,7.0,15.0,4.0,102.0,62.0,45.0,18.0,11.0,5.0,9.0
2026-580,Australian Open,Hard,128,G,O,20260124,111,M0NI,16.0,,Jakub Mensik,R,196.0,CZE,20.397,17.0,2345.0,Q02L,,,Ethan Quinn,R,191.0,USA,21.87,80.0,733.0,6-2 7-6(5) 7-6(5),5,R32,154.0,11.0,7.0,102.0,54.0,39.0,28.0,0.0,3.0,6.0,9.0,7.0,107.0,57.0,39.0,23.0,0.0,5.0,10.0
2026-580,Australian Open,Hard,128,G,O,20260124,112,RH16,12.0,,Casper Ruud,R,183.0,NOR,27.091,13.0,2795.0,C977,,,Marin Cilic,R,198.0,CRO,37.322,70.0,790.0,6-4 6-4 3-6 7-5,5,R32,185.0,25.0,4.0,123.0,87.0,68.0,15.0,0.0,8.0,10.0,18.0,6.0,123.0,65.0,51.0,31.0,0.0,3.0,7.0
2026-580,Australian Open,Hard,128,G,O,20260125,113,A0E2,1.0,,Carlos Alcaraz,R,183.0,ESP,22.727,1.0,12050.0,PL56,19,,Tommy Paul,R,185.0,USA,28.693,20.0,2050.0,7-6(6) 6-4 7-5,5,R16,158.0,2.0,0.0,89.0,63.0,50.0,19.0,15.0,1.0,2.0,7.0,5.0,106.0,60.0,50.0,23.0,14.0,7.0,9.0
2026-580,Australian Open,Hard,128,G,O,20260125,114,Z355,3.0,,Alexander Zverev,R,198.0,GER,28.767,3.0,5105.0,C0AU,18,,Francisco Cerundolo,R,185.0,ARG,27.452,21.0,2035.0,6-2 6-4 6-4,5,R16,134.0,7.0,2.0,75.0,60.0,48.0,8.0,0.0,1.0,2.0,0.0,0.0,94.0,60.0,39.0,15.0,0.0,3.0,8.0
2026-580,Australian Open,Hard,128,G,O,20260125,115,DH58,6.0,,Alex de Minaur,R,183.0,AUS,26.938,6.0,4080.0,BK92,10,,Alexander Bublik,R,196.0,KAZ,28.608,10.0,3065.0,6-4 6-1 6-1,5,R16,93.0,5.0,1.0,62.0,38.0,31.0,17.0,0.0,0.0,0.0,6.0,4.0,81.0,54.0,28.0,12.0,0.0,5.0,11.0
2026-580,Australian Open,Hard,128,G,O,20260125,116,T0HA,25.0,,Learner Tien,L,180.0,USA,20.148,29.0,1540.0,MM58,11,,Daniil Medvedev,R,198.0,RUS,29.955,12.0,2910.0,6-4 6-0 6-3,5,R16,100.0,5.0,1.0,68.0,45.0,32.0,15.0,0.0,0.0,1.0,6.0,6.0,86.0,59.0,34.0,7.0,0.0,3.0,10.0
2026-580,Australian Open,Hard,128,G,O,20260126,117,M0EJ,5.0,,Lorenzo Musetti,R,185.0,ITA,23.901,5.0,4105.0,FB98,9,,Taylor Fritz,R,196.0,USA,28.246,9.0,3840.0,6-2 7-5 6-4,5,R16,124.0,13.0,2.0,81.0,56.0,47.0,17.0,0.0,2.0,2.0,10.0,1.0,84.0,50.0,32.0,19.0,0.0,5.0,9.0
2026-580,Australian Open,Hard,128,G,O,20260126,118,S0AG,2.0,,Jannik Sinner,R,191.0,ITA,24.446,2.0,11500.0,D0FJ,22,,Luciano Darderi,R,183.0,ITA,23.948,25.0,1599.0,6-1 6-3 7-6(2),5,R16,131.0,19.0,0.0,86.0,63.0,51.0,14.0,0.0,6.0,6.0,11.0,5.0,97.0,56.0,41.0,16.0,0.0,4.0,8.0
2026-580,Australian Open,Hard,128,G,O,20260126,120,S0S1,8.0,,Ben Shelton,L,193.0,USA,23.299,7.0,4000.0,RH16,12,,Casper Ruud,R,183.0,NOR,27.097,13.0,2795.0,3-6 6-4 6-3 6-4,5,R16,,14.0,4.0,96.0,63.0,52.0,24.0,0.0,2.0,3.0,9.0,6.0,125.0,88.0,59.0,22.0,0.0,8.0,11.0
2026-580,Australian Open,Hard,128,G,O,20260127,121,Z355,3.0,,Alexander Zverev,R,198.0,GER,28.772,3.0,5105.0,T0HA,25,,Learner Tien,L,180.0,USA,20.153,29.0,1540.0,6-3 6-7(5) 6-1 7-6(3),5,QF,193.0,24.0,1.0,133.0,98.0,75.0,21.0,0.0,3.0,3.0,11.0,9.0,133.0,92.0,63.0,19.0,0.0,4.0,7.0
2026-580,Australian Open,Hard,128,G,O,20260127,122,A0E2,1.0,,Carlos Alcaraz,R,183.0,ESP,22.732,1.0,12050.0,DH58,6,,Alex de Minaur,R,183.0,AUS,26.943,6.0,4080.0,7-5 6-2 6-1,5,QF,138.0,1.0,0.0,93.0,51.0,30.0,16.0,6.0,9.0,16.0,5.0,3.0,83.0,48.0,37.0,19.0,12.0,5.0,7.0
2026-580,Australian Open,Hard,128,G,O,20260128,119,D643,4.0,,Novak Djokovic,R,188.0,SRB,38.689,4.0,4780.0,M0NI,16,,Jakub Mensik,R,196.0,CZE,20.397,17.0,2345.0,W/O,5,R16,,,,,,,,,,,,,,,,,,,
2026-580,Australian Open,Hard,128,G,O,20260128,123,D643,4.0,,Novak Djokovic,R,188.0,SRB,38.689,4.0,4780.0,M0EJ,5,,Lorenzo Musetti,R,185.0,ITA,23.907,5.0,4105.0,4-6 3-6 3-1 RET,5,QF,128.0,4.0,1.0,83.0,53.0,31.0,12.0,6.0,6.0,11.0,4.0,2.0,60.0,40.0,24.0,12.0,8.0,3.0,6.0
2026-580,Australian Open,Hard,128,G,O,20260128,124,S0AG,2.0,,Jannik Sinner,R,191.0,ITA,24.452,2.0,11500.0,S0S1,8,,Ben Shelton,L,193.0,USA,23.305,7.0,4000.0,6-3 6-4 6-4,5,QF,145.0,5.0,2.0,91.0,55.0,42.0,23.0,0.0,4.0,4.0,8.0,3.0,102.0,78.0,51.0,10.0,0.0,9.0,12.0
2026-580,Australian Open,Hard,128,G,O,20260130,125,A0E2,1.0,,Carlos Alcaraz,R,183.0,ESP,22.741,1.0,12050.0,Z355,3,,Alexander Zverev,R,198.0,GER,28.78,3.0,5105.0,6-4 7-6(5) 6-7(3) 6-7(4) 7-5,5,SF,341.0,12.0,5.0,187.0,121.0,89.0,41.0,27.0,5.0,7.0,17.0,4.0,203.0,146.0,105.0,31.0,25.0,10.0,13.0
2026-580,Australian Open,Hard,128,G,O,20260130,126,D643,4.0,,Novak Djokovic,R,188.0,SRB,38.694,4.0,4780.0,S0AG,2,,Jannik Sinner,R,191.0,ITA,24.457,2.0,11500.0,3-6 6-3 4-6 6-4 6-4,5,SF,252.0,12.0,3.0,158.0,112.0,80.0,23.0,21.0,16.0,18.0,26.0,2.0,133.0,100.0,80.0,17.0,21.0,5.0,8.0
2026-580,Australian Open,Hard,128,G,O,20260201,127,A0E2,1.0,,Carlos Alcaraz,R,183.0,ESP,22.746,1.0,12050.0,D643,4,,Novak Djokovic,R,188.0,SRB,38.7,4.0,4780.0,2-6 6-2 6-3 7-5,5,F,185.0,9.0,2.0,101.0,67.0,52.0,20.0,16.0,4.0,6.0,4.0,2.0,122.0,85.0,57.0,20.0,14.0,12.0,16.0
2026-375,Montpellier,Hard,28,250,I,20260202,1,BD06,,,Roberto Bautista Agut,R,183.0,ESP,37.812,89.0,670.0,O483,,,Christopher O'Connell,R,183.0,AUS,31.677,119.0,511.0,5-7 6-3 7-5,3,R32,168.0,6.0,0.0,101.0,70.0,48.0,18.0,17.0,6.0,9.0,11.0,1.0,110.0,58.0,42.0,26.0,16.0,9.0,13.0
2026-375,Montpellier,Hard,28,250,I,20260202,2,G0IX,,,Arthur Gea,R,180.0,FRA,21.092,168.0,353.0,M0GZ,,,Giovanni Mpetshi Perricard,R,203.0,FRA,22.582,57.0,905.0,6-3 RET,3,R32,39.0,2.0,2.0,23.0,11.0,10.0,10.0,5.0,0.0,0.0,1.0,1.0,20.0,17.0,12.0,1.0,4.0,0.0,1.0
2026-375,Montpellier,Hard,28,250,I,20260202,3,ME82,,,Adrian Mannarino,L,180.0,FRA,37.604,70.0,810.0,MO44,,,Pedro Martinez,R,185.0,ESP,28.78,77.0,728.0,7-6(3) 6-1,3,R32,96.0,14.0,1.0,65.0,44.0,36.0,13.0,10.0,2.0,2.0,1.0,1.0,55.0,32.0,23.0,12.0,9.0,1.0,3.0
2026-375,Montpellier,Hard,28,250,I,20260203,4,HH26,5.0,,Ugo Humbert,L,188.0,FRA,27.614,38.0,1320.0,V812,,,Botic van de Zandschulp,R,191.0,NED,30.341,67.0,849.0,6-3 6-4,3,R32,72.0,9.0,1.0,58.0,42.0,32.0,11.0,10.0,3.0,3.0,9.0,1.0,47.0,29.0,25.0,8.0,9.0,1.0,3.0
2026-375,Montpellier,Hard,28,250,I,20260203,5,F0F1,6.0,,Arthur Fils,R,185.0,FRA,21.651,42.0,1110.0,R0EB,,,Valentin Royer,R,188.0,FRA,24.69,56.0,920.0,7-6(7) 6-7(4) 6-2,3,R32,152.0,14.0,5.0,108.0,66.0,55.0,21.0,16.0,0.0,1.0,14.0,2.0,101.0,68.0,50.0,20.0,16.0,5.0,8.0
2026-375,Montpellier,Hard,28,250,I,20260203,6,D0DT,,,Martin Damm,L,203.0,USA,22.35,160.0,373.0,HB71,7,,Hubert Hurkacz,R,196.0,POL,28.983,52.0,965.0,7-6(5) 6-4,3,R32,92.0,13.0,3.0,71.0,44.0,32.0,19.0,11.0,1.0,1.0,14.0,0.0,72.0,45.0,33.0,16.0,11.0,3.0,4.0
2026-375,Montpellier,Hard,28,250,I,20260203,7,BV16,,,Ugo Blanchet,R,175.0,FRA,27.086,174.0,343.0,VA08,,,Andrea Vavassori,R,193.0,ITA,30.757,282.0,185.0,6-4 6-3,3,R32,79.0,5.0,3.0,63.0,33.0,26.0,16.0,10.0,1.0,2.0,9.0,2.0,58.0,43.0,29.0,4.0,9.0,5.0,8.0
2026-375,Montpellier,Hard,28,250,I,20260203,8,CD85,,,Pablo Carreno Busta,R,188.0,ESP,34.571,100.0,616.0,KI95,,,Miomir Kecmanovic,R,183.0,SRB,26.434,69.0,820.0,4-6 6-3 7-6(4),3,R32,127.0,7.0,2.0,102.0,69.0,50.0,13.0,16.0,3.0,6.0,15.0,4.0,87.0,51.0,45.0,13.0,15.0,4.0,7.0
2026-375,Montpellier,Hard,28,250,I,20260203,9,D0DW,,,Titouan Droguet,R,191.0,FRA,24.643,150.0,403.0,CH12,,,Jan Choinski,R,196.0,GBR,29.656,125.0,498.0,6-2 7-6(2),3,R32,84.0,14.0,2.0,59.0,38.0,33.0,13.0,10.0,2.0,2.0,4.0,3.0,83.0,49.0,31.0,17.0,10.0,7.0,9.0
2026-375,Montpellier,Hard,28,250,I,20260204,10,G0IX,,,Arthur Gea,R,180.0,FRA,21.092,168.0,353.0,M0FH,3,,Tomas Machac,R,183.0,CZE,25.314,28.0,1610.0,6-3 4-5 RET,3,R16,75.0,6.0,1.0,46.0,26.0,24.0,12.0,9.0,0.0,0.0,4.0,1.0,61.0,32.0,24.0,15.0,9.0,4.0,5.0
2026-375,Montpellier,Hard,28,250,I,20260204,11,ME82,,,Adrian Mannarino,L,180.0,FRA,37.604,70.0,810.0,HH26,5,,Ugo Humbert,L,188.0,FRA,27.614,38.0,1320.0,6-7(4) 6-3 7-6(4),3,R16,167.0,7.0,2.0,115.0,75.0,63.0,21.0,17.0,9.0,9.0,23.0,3.0,111.0,73.0,61.0,17.0,16.0,8.0,9.0
2026-375,Montpellier,Hard,28,250,I,20260204,12,D0DT,,,Martin Damm,L,203.0,USA,22.35,160.0,373.0,BD06,,,Roberto Bautista Agut,R,183.0,ESP,37.812,89.0,670.0,6-1 6-3,3,R16,55.0,11.0,2.0,39.0,27.0,22.0,10.0,8.0,0.0,0.0,2.0,0.0,51.0,35.0,18.0,8.0,8.0,3.0,7.0
2026-375,Montpellier,Hard,28,250,I,20260204,13,K0AZ,8.0,,Aleksandar Kovacevic,R,183.0,USA,27.439,83.0,709.0,K0O4,,,Moise Kouame,R,191.0,FRA,16.92,551.0,70.0,6-7(5) 6-2 6-2,3,R32,114.0,13.0,2.0,91.0,50.0,41.0,23.0,14.0,1.0,1.0,10.0,4.0,77.0,47.0,36.0,15.0,14.0,4.0,8.0
2026-375,Montpellier,Hard,28,250,I,20260204,14,N0BG,,,Luca Nardi,R,185.0,ITA,22.502,106.0,571.0,BG23,,,Nikoloz Basilashvili,R,185.0,GEO,33.952,137.0,464.0,6-3 6-3,3,R32,63.0,3.0,0.0,46.0,28.0,22.0,15.0,9.0,1.0,1.0,5.0,3.0,57.0,28.0,21.0,11.0,9.0,6.0,9.0
2026-375,Montpellier,Hard,28,250,I,20260204,15,W367,,,Stan Wawrinka,R,183.0,SUI,40.86,113.0,537.0,M0JF,,,Hamad Medjedovic,R,188.0,SRB,22.554,80.0,717.0,7-6(3) 6-4,3,R32,98.0,5.0,4.0,76.0,29.0,24.0,26.0,11.0,4.0,5.0,10.0,0.0,65.0,37.0,26.0,17.0,11.0,4.0,6.0
2026-375,Montpellier,Hard,28,250,I,20260205,16,AG37,,,Felix Auger-Aliassime,R,193.0,CAN,25.495,8.0,3725.0,W367,,,Stan Wawrinka,R,183.0,SUI,40.86,113.0,537.0,6-4 7-6(3),3,R16,107.0,16.0,2.0,65.0,45.0,37.0,11.0,11.0,3.0,4.0,5.0,4.0,81.0,48.0,35.0,16.0,11.0,8.0,10.0
2026-375,Montpellier,Hard,28,250,I,20260205,17,N0BG,,,Luca Nardi,R,185.0,ITA,22.502,106.0,571.0,C0E9,,,Flavio Cobolli,R,183.0,ITA,23.754,20.0,1955.0,6-2 6-3,3,R16,74.0,7.0,1.0,46.0,27.0,21.0,13.0,8.0,2.0,2.0,3.0,1.0,58.0,29.0,14.0,16.0,9.0,5.0,9.0
2026-375,Montpellier,Hard,28,250,I,20260205,18,GJ37,4.0,,Tallon Griekspoor,R,188.0,NED,29.596,29.0,1565.0,CD85,,,Pablo Carreno Busta,R,188.0,ESP,34.571,100.0,616.0,6-4 6-4,3,R16,66.0,18.0,2.0,46.0,28.0,27.0,13.0,10.0,0.0,0.0,3.0,2.0,62.0,39.0,28.0,11.0,10.0,2.0,4.0
2026-375,Montpellier,Hard,28,250,I,20260205,19,D0DW,,,Titouan Droguet,R,191.0,FRA,24.643,150.0,403.0,K0AZ,8,,Aleksandar Kovacevic,R,183.0,USA,27.439,83.0,709.0,4-6 7-6(5) 6-4,3,R16,114.0,25.0,3.0,91.0,51.0,44.0,26.0,16.0,1.0,2.0,19.0,4.0,90.0,59.0,49.0,19.0,16.0,2.0,3.0
2026-375,Montpellier,Hard,28,250,I,20260205,24,F0F1,6.0,,Arthur Fils,R,185.0,FRA,21.656,42.0,1110.0,BV16,,,Ugo Blanchet,R,175.0,FRA,27.091,174.0,343.0,7-6(4) 7-5,3,R16,95.0,14.0,3.0,67.0,42.0,32.0,16.0,12.0,0.0,2.0,10.0,6.0,81.0,39.0,29.0,21.0,12.0,6.0,9.0
2026-M-DC-2026-QLS-M-NOR-GBR-01,Davis Cup QLS R1: NOR vs GBR,Hard,4,D,I,20260205,1,N771,,,Cameron Norrie,L,188.0,GBR,30.48,26.0,1643.0,B0U4,,,Nicolai Budkov Kjaer,R,191.0,NOR,19.455,133.0,476.0,6-4 6-4,3,RR,82.0,6.0,1.0,68.0,50.0,38.0,7.0,9.0,3.0,4.0,6.0,0.0,52.0,39.0,29.0,6.0,7.0,1.0,4.0
2026-M-DC-2026-QLS-M-NOR-GBR-01,Davis Cup QLS R1: NOR vs GBR,Hard,4,D,I,20260205,2,D0CO,,,Jack Draper,L,193.0,GBR,24.148,13.0,2790.0,DC76,,,Viktor Durasovic,R,185.0,NOR,28.909,313.0,164.0,6-2 6-2,3,RR,60.0,8.0,1.0,43.0,26.0,23.0,10.0,8.0,0.0,0.0,2.0,3.0,49.0,32.0,17.0,7.0,4.0,0.0,4.0
2026-M-DC-2026-QLS-M-BUL-BEL-01,Davis Cup QLS R1: BUL vs BEL,Clay,4,D,I,20260206,1,B0PG,,,Alexander Blockx,R,193.0,BEL,20.854,105.0,579.0,R0IL,,,Iliyan Radulov,R,187.0,BUL,20.679,663.0,51.0,6-7(3) 6-3 6-3,3,RR,126.0,10.0,1.0,69.0,51.0,46.0,11.0,12.0,3.0,5.0,0.0,4.0,91.0,64.0,42.0,13.0,9.0,2.0,8.0
2026-M-DC-2026-QLS-M-BUL-BEL-01,Davis Cup QLS R1: BUL vs BEL,Clay,4,D,I,20260206,2,C0JP,,,Raphael Collignon,R,191.0,BEL,24.088,72.0,777.0,V0GR,,,Alexander Vasilev,L,185.0,BUL,18.757,1025.0,15.0,6-3 6-3,3,RR,96.0,5.0,7.0,58.0,36.0,25.0,14.0,8.0,5.0,6.0,2.0,11.0,71.0,38.0,25.0,10.0,5.0,10.0,14.0
2026-M-DC-2026-QLS-M-BUL-BEL-01,Davis Cup QLS R1: BUL vs BEL,Clay,4,D,I,20260206,3,C0JP,,,Raphael Collignon,R,191.0,BEL,24.088,72.0,777.0,I0BF,,,Ivan Ivanov,R,,BUL,17.292,780.0,35.0,6-2 6-2,3,RR,70.0,3.0,3.0,45.0,25.0,24.0,10.0,8.0,2.0,2.0,0.0,3.0,40.0,27.0,14.0,7.0,4.0,2.0,6.0
2026-M-DC-2026-QLS-M-CAN-BRA-01,Davis Cup QLS R1: CAN vs BRA,Hard,4,D,I,20260206,1,H0DU,,,Gustavo Heide,R,191.0,BRA,23.962,253.0,215.0,D0F6,,,Gabriel Diallo,R,203.0,CAN,24.392,39.0,1175.0,7-6(4) 3-6 7-6(3),3,RR,162.0,9.0,2.0,88.0,69.0,55.0,13.0,16.0,0.0,0.0,10.0,3.0,113.0,63.0,50.0,29.0,15.0,2.0,4.0
2026-M-DC-2026-QLS-M-CAN-BRA-01,Davis Cup QLS R1: CAN vs BRA,Hard,4,D,I,20260206,2,D0DP,,,Liam Draxl,R,185.0,CAN,24.194,146.0,422.0,R0A7,,,Joao Lucas Reis Da Silva,R,178.0,BRA,25.889,207.0,291.0,6-3 6-3,3,RR,76.0,1.0,4.0,59.0,33.0,28.0,11.0,8.0,4.0,5.0,5.0,1.0,49.0,29.0,20.0,6.0,5.0,2.0,6.0
2026-M-DC-2026-QLS-M-CAN-BRA-01,Davis Cup QLS R1: CAN vs BRA,Hard,4,D,I,20260206,3,D0DP,,,Liam Draxl,R,185.0,CAN,24.194,146.0,422.0,H0DU,,,Gustavo Heide,R,191.0,BRA,23.962,253.0,215.0,6-3 6-4,3,RR,90.0,4.0,2.0,50.0,36.0,27.0,11.0,9.0,3.0,4.0,4.0,2.0,59.0,35.0,25.0,9.0,6.0,3.0,6.0
2026-M-DC-2026-QLS-M-CAN-BRA-01,Davis Cup QLS R1: CAN vs BRA,Hard,4,D,I,20260206,4,D0F6,,,Gabriel Diallo,R,203.0,CAN,24.392,39.0,1175.0,P0DF,,,Matheus Pucinelli de Almeida,R,183.0,BRA,24.877,292.0,180.0,3-6 6-1 7-6(4),3,RR,147.0,6.0,1.0,91.0,79.0,59.0,6.0,13.0,3.0,4.0,2.0,2.0,92.0,81.0,55.0,5.0,12.0,2.0,4.0
2026-M-DC-2026-QLS-M-CHI-SRB-01,Davis Cup QLS R1: CHI vs SRB,Clay,4,D,O,20260206,1,TE30,,,Alejandro Tabilo,L,188.0,CHI,28.704,73.0,774.0,M0UR,,,Ognjen Milic,L,180.0,SRB,18.652,462.0,95.0,6-7(3) 6-2 6-4,3,RR,132.0,7.0,1.0,94.0,63.0,51.0,15.0,14.0,6.0,7.0,9.0,5.0,89.0,46.0,34.0,22.0,11.0,1.0,5.0
2026-M-DC-2026-QLS-M-CHI-SRB-01,Davis Cup QLS R1: CHI vs SRB,Clay,4,D,O,20260206,2,BS86,,,Tomas Barrios Vera,R,191.0,CHI,28.183,112.0,546.0,L987,,,Dusan Lajovic,R,183.0,SRB,35.628,123.0,503.0,7-5 7-6(7),3,RR,127.0,2.0,4.0,82.0,53.0,36.0,18.0,10.0,1.0,3.0,2.0,0.0,71.0,41.0,31.0,15.0,9.0,3.0,6.0
2026-M-DC-2026-QLS-M-CHI-SRB-01,Davis Cup QLS R1: CHI vs SRB,Clay,4,D,O,20260206,3,S0EK,,,Matias Soto,R,170.0,CHI,26.804,323.0,157.0,D0HJ,,,Branko Djuric,R,188.0,SRB,21.01,489.0,87.0,6-7(2) 7-6(4) [10-7],3,RR,143.0,3.0,2.0,91.0,78.0,54.0,7.0,10.0,1.0,3.0,13.0,5.0,89.0,77.0,56.0,3.0,10.0,3.0,5.0
2026-M-DC-2026-QLS-M-CRO-DEN-01,Davis Cup QLS R1: CRO vs DEN,Hard,4,D,I,20260206,1,M0K4,,,Elmer Moller,R,183.0,DEN,22.604,120.0,509.0,D0L3,,,Matej Dodig,R,188.0,CRO,20.575,235.0,244.0,6-4 7-6(3),3,RR,91.0,4.0,3.0,62.0,42.0,36.0,13.0,11.0,0.0,0.0,7.0,1.0,66.0,46.0,36.0,9.0,10.0,0.0,1.0
2026-M-DC-2026-QLS-M-CRO-DEN-01,Davis Cup QLS R1: CRO vs DEN,Hard,4,D,I,20260206,2,P0HW,,,Dino Prizmic,R,188.0,CRO,20.528,121.0,507.0,H09N,,,August Holmgren,R,188.0,DEN,27.817,199.0,303.0,5-7 6-0 6-2,3,RR,139.0,7.0,4.0,98.0,67.0,42.0,16.0,10.0,8.0,11.0,2.0,2.0,89.0,55.0,31.0,12.0,6.0,7.0,14.0
2026-M-DC-2026-QLS-M-CRO-DEN-01,Davis Cup QLS R1: CRO vs DEN,Hard,4,D,I,20260206,3,P0HW,,,Dino Prizmic,R,188.0,CRO,20.528,121.0,507.0,M0K4,,,Elmer Moller,R,183.0,DEN,22.604,120.0,509.0,7-6(5) 7-6(2),3,RR,114.0,6.0,1.0,68.0,49.0,36.0,15.0,10.0,0.0,2.0,2.0,8.0,85.0,55.0,38.0,15.0,10.0,8.0,10.0
2026-M-DC-2026-QLS-M-CZE-SWE-01,Davis Cup QLS R1: CZE vs SWE,Hard,4,D,I,20260206,1,S0GD,,,Dalibor Svrcina,R,178.0,CZE,23.37,96.0,643.0,W0BU,,,Olle Wallin,R,191.0,SWE,24.315,408.0,116.0,6-1 6-3,3,RR,73.0,4.0,3.0,52.0,34.0,24.0,12.0,7.0,4.0,5.0,5.0,5.0,53.0,27.0,19.0,4.0,3.0,6.0,11.0
2026-M-DC-2026-QLS-M-CZE-SWE-01,Davis Cup QLS R1: CZE vs SWE,Hard,4,D,I,20260206,2,L0BV,,,Jiri Lehecka,R,185.0,CZE,24.268,21.0,1900.0,MW54,,,Dragos Nicolae Madaras,L,191.0,SWE,28.424,576.0,65.0,6-3 6-4,3,RR,85.0,7.0,3.0,55.0,32.0,29.0,6.0,10.0,0.0,0.0,2.0,1.0,50.0,26.0,17.0,9.0,7.0,0.0,2.0
2026-M-DC-2026-QLS-M-CZE-SWE-01,Davis Cup QLS R1: CZE vs SWE,Hard,4,D,I,20260206,3,W0BU,,,Olle Wallin,R,191.0,SWE,24.315,408.0,116.0,M0SE,,,Maxim Mrva,R,178.0,CZE,18.538,324.0,156.0,6-4 7-6(1),3,RR,83.0,3.0,4.0,73.0,40.0,29.0,16.0,8.0,4.0,7.0,11.0,4.0,73.0,41.0,26.0,15.0,7.0,3.0,7.0
2026-M-DC-2026-QLS-M-ECU-AUS-01,Davis Cup QLS R1: ECU vs AUS,Clay,4,D,O,20260206,1,AG08,,,Andres Andrade,R,180.0,ECU,27.17,257.0,211.0,D994,,,James Duckworth,R,183.0,AUS,34.067,86.0,694.0,3-6 6-3 7-5,3,RR,126.0,14.0,6.0,85.0,43.0,36.0,22.0,13.0,6.0,8.0,5.0,1.0,86.0,49.0,36.0,21.0,12.0,2.0,5.0
2026-M-DC-2026-QLS-M-ECU-AUS-01,Davis Cup QLS R1: ECU vs AUS,Clay,4,D,O,20260206,2,G0DH,,,Alvaro Guillen Meza,R,175.0,ECU,23.118,201.0,298.0,H0BH,,,Rinky Hijikata,R,178.0,AUS,24.975,103.0,584.0,6-4 1-6 6-4,3,RR,119.0,7.0,8.0,85.0,46.0,35.0,15.0,10.0,6.0,9.0,3.0,1.0,97.0,57.0,37.0,21.0,11.0,9.0,12.0
2026-M-DC-2026-QLS-M-ECU-AUS-01,Davis Cup QLS R1: ECU vs AUS,Clay,4,D,O,20260206,3,KB95,,,Jason Kubler,R,178.0,AUS,32.742,179.0,339.0,C0S3,,,Emilio Camacho,,,ECU,16.772,,,6-4 6-2,3,,70.0,3.0,3.0,51.0,36.0,30.0,6.0,8.0,1.0,2.0,0.0,2.0,52.0,32.0,21.0,7.0,5.0,5.0,9.0
2026-M-DC-2026-QLS-M-FRA-SVK-01,Davis Cup QLS R1: FRA vs SVK,Hard,4,D,I,20260206,1,MV14,,,Alex Molcan,L,178.0,SVK,28.205,200.0,302.0,MP20,,,Alexandre Muller,R,183.0,FRA,29.035,49.0,1020.0,6-4 6-4,3,RR,46.0,4.0,0.0,57.0,43.0,31.0,12.0,8.0,2.0,3.0,5.0,1.0,50.0,35.0,23.0,10.0,7.0,0.0,3.0
2026-M-DC-2026-QLS-M-FRA-SVK-01,Davis Cup QLS R1: FRA vs SVK,Hard,4,D,I,20260206,2,RC91,,,Arthur Rinderknech,R,196.0,FRA,30.565,31.0,1542.0,MV14,,,Alex Molcan,L,178.0,SVK,28.205,200.0,302.0,7-5 7-6(6),3,RR,118.0,16.0,1.0,79.0,62.0,49.0,8.0,11.0,5.0,6.0,5.0,1.0,80.0,64.0,45.0,8.0,10.0,0.0,2.0
2026-M-DC-2026-QLS-M-FRA-SVK-01,Davis Cup QLS R1: FRA vs SVK,Hard,4,D,I,20260206,3,RC91,,,Arthur Rinderknech,R,196.0,FRA,30.565,31.0,1542.0,GB93,,,Norbert Gombos,R,193.0,SVK,35.507,300.0,175.0,7-6(1) 7-6(6),3,RR,133.0,6.0,1.0,79.0,54.0,42.0,14.0,10.0,1.0,3.0,2.0,0.0,91.0,58.0,40.0,16.0,10.0,2.0,4.0
2026-M-DC-2026-QLS-M-GER-PER-01,Davis Cup QLS R1: GER vs PER,Hard,4,D,I,20260206,1,H997,,,Yannick Hanfmann,R,193.0,GER,34.256,93.0,653.0,B0GR,,,Gonzalo Bueno,R,173.0,PER,21.867,217.0,265.0,6-4 6-4,3,RR,89.0,9.0,2.0,51.0,37.0,33.0,7.0,10.0,0.0,0.0,3.0,2.0,66.0,42.0,30.0,9.0,8.0,4.0,6.0
2026-M-DC-2026-QLS-M-GER-PER-01,Davis Cup QLS R1: GER vs PER,Hard,4,D,I,20260206,2,SL28,,,Jan-Lennard Struff,R,193.0,GER,35.808,84.0,706.0,V836,,,Juan Pablo Varillas,R,185.0,PER,30.36,284.0,184.0,6-4 6-2,3,RR,74.0,6.0,0.0,50.0,24.0,17.0,19.0,8.0,4.0,5.0,3.0,1.0,54.0,30.0,18.0,13.0,5.0,9.0,13.0
2026-M-DC-2026-QLS-M-GER-PER-01,Davis Cup QLS R1: GER vs PER,Hard,4,D,I,20260206,3,E0DD,,,Justin Engel,R,185.0,GER,18.374,196.0,309.0,B0GR,,,Gonzalo Bueno,R,173.0,PER,21.867,217.0,265.0,6-3 6-7(4) [10-6],3,RR,96.0,4.0,4.0,63.0,37.0,31.0,10.0,9.0,2.0,4.0,0.0,4.0,69.0,46.0,26.0,13.0,7.0,3.0,6.0
2026-M-DC-2026-QLS-M-HUN-USA-01,Davis Cup QLS R1: HUN vs USA,Clay,4,D,I,20260206,1,Q02L,,,Ethan Quinn,R,191.0,USA,21.927,68.0,820.0,M0CI,,,Fabian Marozsan,R,193.0,HUN,26.355,46.0,1065.0,3-6 6-3 7-6(11),3,RR,145.0,8.0,0.0,111.0,73.0,51.0,26.0,14.0,10.0,11.0,5.0,0.0,104.0,75.0,53.0,18.0,14.0,3.0,4.0
2026-M-DC-2026-QLS-M-HUN-USA-01,Davis Cup QLS R1: HUN vs USA,Clay,4,D,I,20260206,2,PL56,,,Tommy Paul,R,185.0,USA,28.747,22.0,1850.0,P09O,,,Zsombor Piros,R,180.0,HUN,26.341,176.0,341.0,7-6(3) 6-3,3,RR,113.0,2.0,3.0,76.0,40.0,25.0,18.0,7.0,2.0,5.0,7.0,1.0,70.0,42.0,34.0,16.0,9.0,4.0,6.0
2026-M-DC-2026-QLS-M-HUN-USA-01,Davis Cup QLS R1: HUN vs USA,Clay,4,D,I,20260206,3,N0AM,,,Emilio Nava,R,185.0,USA,24.203,82.0,710.0,F09U,,,Matyas Fuele,R,180.0,HUN,27.151,781.0,35.0,6-2 6-3,3,RR,68.0,6.0,0.0,50.0,33.0,28.0,8.0,8.0,4.0,5.0,0.0,3.0,58.0,38.0,20.0,9.0,4.0,7.0,11.0
2026-M-DC-2026-QLS-M-IND-NED-01,Davis Cup QLS R1: IND vs NED,Hard,4,D,I,20260206,1,S0DE,,,Dhakshineswar Suresh,R,196.0,IND,25.881,465.0,94.0,D0C1,,,Jesper de Jong,R,180.0,NED,25.708,88.0,673.0,6-4 7-5,3,RR,88.0,9.0,3.0,62.0,34.0,28.0,18.0,11.0,1.0,1.0,7.0,5.0,62.0,36.0,30.0,12.0,9.0,5.0,7.0
2026-M-DC-2026-QLS-M-IND-NED-01,Davis Cup QLS R1: IND vs NED,Hard,4,D,I,20260206,2,D0H9,,,Guy Den Ouden,R,183.0,NED,23.855,162.0,371.0,N897,,,Sumit Nagal,R,178.0,IND,28.498,281.0,186.0,6-0 4-6 6-3,3,RR,147.0,2.0,4.0,89.0,52.0,35.0,23.0,11.0,7.0,9.0,1.0,2.0,87.0,56.0,35.0,13.0,7.0,6.0,11.0
2026-M-DC-2026-QLS-M-IND-NED-01,Davis Cup QLS R1: IND vs NED,Hard,4,D,I,20260206,3,S0DE,,,Dhakshineswar Suresh,R,196.0,IND,25.881,465.0,94.0,D0H9,,,Guy Den Ouden,R,183.0,NED,23.855,162.0,371.0,6-4 7-6(4),3,RR,99.0,15.0,1.0,70.0,48.0,41.0,11.0,11.0,0.0,0.0,5.0,3.0,75.0,51.0,41.0,9.0,10.0,3.0,4.0
2026-M-DC-2026-QLS-M-IND-NED-01,Davis Cup QLS R1: IND vs NED,Hard,4,D,I,20260206,4,D0C1,,,Jesper de Jong,R,180.0,NED,25.708,88.0,673.0,N897,,,Sumit Nagal,R,178.0,IND,28.498,281.0,186.0,5-7 6-1 6-4,3,RR,172.0,10.0,5.0,89.0,46.0,36.0,19.0,11.0,6.0,10.0,1.0,4.0,98.0,64.0,40.0,13.0,8.0,9.0,15.0
2026-M-DC-2026-QLS-M-JPN-AUT-01,Davis Cup QLS R1: JPN vs AUT,Hard,4,D,O,20260206,1,R09X,,,Jurij Rodionov,L,191.0,AUT,26.752,170.0,350.0,M0HU,,,Shintaro Mochizuki,R,175.0,JPN,22.705,108.0,551.0,6-4 7-5,3,RR,108.0,7.0,4.0,77.0,38.0,29.0,18.0,9.0,7.0,9.0,3.0,7.0,81.0,25.0,19.0,26.0,7.0,7.0,11.0
2026-M-DC-2026-QLS-M-JPN-AUT-01,Davis Cup QLS R1: JPN vs AUT,Hard,4,D,O,20260206,2,WB08,,,Yosuke Watanuki,R,180.0,JPN,27.844,166.0,356.0,O513,,,Sebastian Ofner,R,191.0,AUT,29.76,135.0,471.0,6-3 6-4,3,RR,73.0,5.0,2.0,51.0,32.0,26.0,12.0,9.0,0.0,1.0,5.0,1.0,62.0,34.0,25.0,10.0,6.0,5.0,8.0
2026-M-DC-2026-QLS-M-JPN-AUT-01,Davis Cup QLS R1: JPN vs AUT,Hard,4,D,O,20260206,3,N0CS,,,Lukas Neumayer,R,183.0,AUT,23.441,223.0,255.0,M0HU,,,Shintaro Mochizuki,R,175.0,JPN,22.705,108.0,551.0,6-3 6-3,3,RR,75.0,3.0,1.0,49.0,30.0,26.0,12.0,9.0,2.0,2.0,3.0,3.0,60.0,41.0,25.0,9.0,6.0,7.0,10.0
2026-M-DC-2026-QLS-M-JPN-AUT-01,Davis Cup QLS R1: JPN vs AUT,Hard,4,D,O,20260206,4,R09X,,,Jurij Rodionov,L,191.0,AUT,26.752,170.0,350.0,N732,,,Yoshihito Nishioka,L,170.0,JPN,30.385,131.0,486.0,5-7 6-1 6-0,3,RR,124.0,10.0,2.0,77.0,42.0,32.0,19.0,11.0,2.0,4.0,0.0,2.0,77.0,43.0,26.0,12.0,6.0,5.0,11.0
2026-M-DC-2026-QLS-M-KOR-ARG-01,Davis Cup QLS R1: KOR vs ARG,Hard,4,D,I,20260206,1,KF17,,,Soonwoo Kwon,R,180.0,KOR,28.203,343.0,142.0,TA29,,,Marco Trungelliti,R,178.0,ARG,36.038,134.0,472.0,7-6(6) 6-2,3,RR,94.0,8.0,1.0,72.0,49.0,39.0,8.0,9.0,2.0,3.0,6.0,3.0,61.0,38.0,26.0,10.0,7.0,0.0,3.0
2026-M-DC-2026-QLS-M-KOR-ARG-01,Davis Cup QLS R1: KOR vs ARG,Hard,4,D,I,20260206,2,T0A1,,,Thiago Agustin Tirante,R,185.0,ARG,24.849,95.0,647.0,CH27,,,Hyeon Chung,R,188.0,KOR,29.741,392.0,120.0,2-6 7-5 7-6(5),3,RR,172.0,12.0,5.0,0.0,94.0,59.0,40.0,22.0,12.0,3.0,7.0,124.0,79.0,59.0,18.0,13.0,4.0,7.0,7.0
2026-M-DC-2026-QLS-M-KOR-ARG-01,Davis Cup QLS R1: KOR vs ARG,Hard,4,D,I,20260206,3,KF17,,,Soonwoo Kwon,R,180.0,KOR,28.203,343.0,142.0,T0A1,,,Thiago Agustin Tirante,R,185.0,ARG,24.849,95.0,647.0,6-4 4-6 6-3,3,RR,126.0,11.0,3.0,80.0,49.0,39.0,15.0,11.0,5.0,8.0,8.0,1.0,91.0,46.0,32.0,22.0,10.0,1.0,6.0
2026-M-DC-2026-QLS-M-KOR-ARG-01,Davis Cup QLS R1: KOR vs ARG,Hard,4,D,I,20260206,4,CH27,,,Hyeon Chung,R,188.0,KOR,29.741,392.0,120.0,TA29,,,Marco Trungelliti,R,178.0,ARG,36.038,134.0,472.0,6-4 6-3,3,RR,89.0,0.0,1.0,53.0,31.0,23.0,15.0,9.0,0.0,1.0,2.0,3.0,59.0,34.0,26.0,9.0,6.0,2.0,5.0
2026-M-DC-2026-QLS-M-NOR-GBR-01,Davis Cup QLS R1: NOR vs GBR,Hard,4,D,I,20260206,3,F0BY,,,Jacob Fearnley,R,183.0,GBR,24.586,90.0,668.0,B0U4,,,Nicolai Budkov Kjaer,R,191.0,NOR,19.455,133.0,476.0,3-6 6-3 [10-7],3,RR,83.0,7.0,1.0,60.0,38.0,28.0,11.0,6.0,3.0,5.0,7.0,4.0,56.0,38.0,30.0,7.0,6.0,1.0,3.0
2026-M-DC-2026-WG1-PO-CHN-POR-01,Davis Cup WG1 PO: CHN vs POR,Hard,4,D,O,20260206,1,R0GO,,,Henrique Rocha,R,180.0,POR,21.837,157.0,379.0,Y09V,,,Yunchaokete Bu,R,185.0,CHN,24.049,139.0,449.0,6-4 6-4,3,RR,86.0,1.0,1.0,57.0,40.0,31.0,12.0,10.0,0.0,0.0,8.0,1.0,58.0,48.0,34.0,3.0,10.0,2.0,4.0
2026-M-DC-2026-WG1-PO-CHN-POR-01,Davis Cup WG1 PO: CHN vs POR,Hard,4,D,O,20260206,2,WB32,,,Yibing Wu,R,183.0,CHN,26.316,144.0,427.0,BT72,,,Nuno Borges,R,185.0,POR,28.964,45.0,1070.0,6-1 7-6(3),3,RR,93.0,3.0,0.0,59.0,26.0,22.0,23.0,10.0,2.0,2.0,6.0,3.0,79.0,48.0,31.0,15.0,9.0,7.0,9.0
2026-M-DC-2026-WG1-PO-CHN-POR-01,Davis Cup WG1 PO: CHN vs POR,Hard,4,D,O,20260206,3,Z371,,,Zhizhen Zhang,R,193.0,CHN,29.331,367.0,130.0,BT72,,,Nuno Borges,R,185.0,POR,28.986,45.0,1070.0,7-5 6-4,3,RR,78.0,12.0,1.0,74.0,46.0,38.0,10.0,11.0,3.0,4.0,6.0,3.0,73.0,41.0,28.0,16.0,11.0,5.0,8.0
2026-M-DC-2026-WG1-PO-EGY-POL-01,Davis Cup WG1 PO: EGY vs POL,Clay,4,D,O,20260206,1,K0HC,,,Maks Kasnikowski,R,180.0,POL,22.612,416.0,113.0,B0LV,,,Michael Bassem Sobhy,R,,EGY,21.774,690.0,48.0,6-1 7-6(7),3,RR,92.0,2.0,0.0,63.0,47.0,33.0,9.0,10.0,3.0,5.0,2.0,2.0,55.0,32.0,21.0,9.0,9.0,0.0,4.0
2026-M-DC-2026-WG1-PO-EGY-POL-01,Davis Cup WG1 PO: EGY vs POL,Clay,4,D,O,20260206,2,F0HN,,,Karol Filar,R,188.0,POL,27.46,624.0,57.0,Z0BL,,,Faris Zakaria,R,183.0,EGY,24.761,,,6-2 6-0,3,RR,69.0,1.0,4.0,45.0,28.0,18.0,8.0,7.0,1.0,3.0,1.0,7.0,44.0,22.0,8.0,5.0,7.0,3.0,10.0
2026-M-DC-2026-WG1-PO-EGY-POL-01,Davis Cup WG1 PO: EGY vs POL,Clay,4,D,O,20260206,3,P0FU,,,Filip Pieczonka,L,196.0,POL,21.851,1066.0,13.0,I0B3,,,Karim Ibrahim,R,188.0,EGY,22.525,1045.0,15.0,7-5 6-2,3,RR,67.0,3.0,4.0,51.0,40.0,34.0,8.0,10.0,3.0,4.0,0.0,3.0,57.0,27.0,13.0,20.0,10.0,5.0,9.0
2026-M-DC-2026-WG1-PO-FIN-HKG-01,Davis Cup WG1 PO: FIN vs HKG,Hard,4,D,O,20260206,1,W0BH,,,Coleman Wong,R,191.0,HKG,21.692,136.0,466.0,V993,,,Eero Vasa,R,185.0,FIN,29.035,476.0,91.0,6-4 6-2,3,RR,59.0,7.0,2.0,48.0,27.0,25.0,13.0,,3.0,3.0,4.0,5.0,51.0,27.0,19.0,12.0,,2.0,5.0
2026-M-DC-2026-WG1-PO-FIN-HKG-01,Davis Cup WG1 PO: FIN vs HKG,Hard,4,D,O,20260206,2,V0AM,,,Otto Virtanen,R,193.0,FIN,24.652,116.0,513.0,C0RT,,,Siu Chi Nicholas Cheng,,,HKG,17.879,262.0,205.0,6-0 6-1,3,RR,42.0,9.0,0.0,33.0,18.0,15.0,10.0,6.0,0.0,0.0,0.0,4.0,37.0,21.0,9.0,3.0,7.0,3.0,9.0
2026-M-DC-2026-WG1-PO-FIN-HKG-01,Davis Cup WG1 PO: FIN vs HKG,Hard,4,D,O,20260206,3,V0AM,,,Otto Virtanen,R,193.0,FIN,24.652,116.0,513.0,W0BH,,,Coleman Wong,R,191.0,HKG,21.692,136.0,466.0,7-5 6-2,3,RR,78.0,11.0,3.0,67.0,40.0,31.0,14.0,,4.0,5.0,9.0,4.0,68.0,41.0,23.0,11.0,,6.0,10.0
2026-M-DC-2026-WG1-PO-GRE-MEX-01,Davis Cup WG1 PO: GRE vs MEX,Hard,4,D,O,20260206,1,P0J1,,,Rodrigo Pacheco Mendez,L,191.0,MEX,20.808,222.0,256.0,S0KT,,,Stefanos Sakellaridis,R,198.0,GRE,21.421,275.0,193.0,6-2 4-6 6-3,3,RR,136.0,5.0,5.0,85.0,44.0,30.0,22.0,,5.0,8.0,5.0,6.0,86.0,41.0,23.0,23.0,,9.0,15.0
2026-M-DC-2026-WG1-PO-GRE-MEX-01,Davis Cup WG1 PO: GRE vs MEX,Hard,4,D,O,20260206,2,TE51,,,Stefanos Tsitsipas,R,193.0,GRE,27.51,33.0,1495.0,M0HD,,,Alan Magadan,R,183.0,MEX,24.723,818.0,32.0,6-3 7-6(1),3,RR,90.0,11.0,3.0,70.0,37.0,32.0,18.0,11.0,3.0,4.0,4.0,3.0,62.0,34.0,26.0,14.0,10.0,4.0,6.0
2026-M-DC-2026-WG1-PO-GRE-MEX-01,Davis Cup WG1 PO: GRE vs MEX,Hard,4,D,O,20260206,3,TE51,,,Stefanos Tsitsipas,R,193.0,GRE,27.51,33.0,1495.0,P0J1,,,Rodrigo Pacheco Mendez,L,191.0,MEX,20.808,222.0,256.0,6-1 7-5,3,RR,73.0,3.0,2.0,52.0,27.0,25.0,14.0,10.0,0.0,1.0,2.0,2.0,66.0,46.0,27.0,7.0,9.0,4.0,8.0
2026-M-DC-2026-WG1-PO-ISR-LTU-01,Davis Cup WG1 PO: ISR vs LTU,Hard,4,D,O,20260206,1,G0FW,,,Vilius Gaubas,R,178.0,LTU,21.128,126.0,495.0,S0V8,,,Ofek Shimanov,R,178.0,ISR,20.619,1210.0,8.0,6-0 6-4,3,RR,70.0,1.0,1.0,42.0,22.0,17.0,11.0,8.0,0.0,1.0,0.0,1.0,56.0,30.0,19.0,7.0,8.0,3.0,8.0
2026-M-DC-2026-WG1-PO-ISR-LTU-01,Davis Cup WG1 PO: ISR vs LTU,Hard,4,D,O,20260206,2,B0MM,,,Edas Butvilas,R,191.0,LTU,21.563,248.0,223.0,V0G2,,,Amit Vales,R,173.0,ISR,20.693,876.0,26.0,7-6(3) 6-0,3,RR,84.0,1.0,0.0,50.0,39.0,30.0,6.0,9.0,1.0,2.0,1.0,1.0,73.0,53.0,29.0,7.0,9.0,3.0,7.0
2026-M-DC-2026-WG1-PO-ISR-LTU-01,Davis Cup WG1 PO: ISR vs LTU,Hard,4,D,O,20260206,3,G0FW,,,Vilius Gaubas,R,178.0,LTU,21.128,126.0,495.0,V0G2,,,Amit Vales,R,173.0,ISR,20.693,876.0,26.0,6-1 3-6 6-2,3,RR,131.0,5.0,1.0,84.0,57.0,38.0,12.0,12.0,5.0,8.0,2.0,4.0,75.0,40.0,27.0,10.0,12.0,5.0,11.0
2026-M-DC-2026-WG1-PO-KAZ-MON-01,Davis Cup WG1 PO: KAZ vs MON,Hard,4,D,O,20260206,1,BK92,,,Alexander Bublik,R,196.0,KAZ,28.663,10.0,3235.0,N670,,,Hugo Nys,R,183.0,MON,34.995,,,6-0 6-3,3,RR,61.0,5.0,1.0,41.0,24.0,20.0,9.0,7.0,0.0,0.0,3.0,3.0,56.0,31.0,16.0,11.0,8.0,7.0,12.0
2026-M-DC-2026-WG1-PO-KAZ-MON-01,Davis Cup WG1 PO: KAZ vs MON,Hard,4,D,O,20260206,2,VA25,,,Valentin Vacherot,R,193.0,MON,27.247,27.0,1611.0,BK92,,,Alexander Shevchenko,R,196.0,KAZ,28.663,10.0,3235.0,6-0 6-3,3,RR,61.0,5.0,5.0,54.0,32.0,26.0,11.0,8.0,6.0,7.0,1.0,1.0,44.0,28.0,14.0,4.0,7.0,0.0,5.0
2026-M-DC-2026-WG1-PO-KAZ-MON-01,Davis Cup WG1 PO: KAZ vs MON,Hard,4,D,O,20260206,3,VA25,,,Valentin Vacherot,R,193.0,MON,27.247,27.0,1611.0,BK92,,,Alexander Bublik,R,196.0,KAZ,28.663,10.0,3235.0,7-6(4) 7-6(7),3,RR,114.0,9.0,3.0,85.0,51.0,40.0,22.0,12.0,4.0,5.0,13.0,7.0,95.0,57.0,45.0,19.0,12.0,5.0,6.0
2026-M-DC-2026-WG1-PO-LUX-UKR-01,Davis Cup WG1 PO: LUX vs UKR,Hard,4,D,I,20260206,1,KJ00,,,Alex Knaff,R,193.0,LUX,28.219,,,O659,,,Vladyslav Orlov,R,188.0,UKR,30.749,499.0,84.0,7-6(2) 6-2,3,RR,93.0,3.0,0.0,51.0,31.0,26.0,16.0,10.0,0.0,1.0,4.0,7.0,76.0,42.0,29.0,14.0,10.0,3.0,6.0
2026-M-DC-2026-WG1-PO-LUX-UKR-01,Davis Cup WG1 PO: LUX vs UKR,Hard,4,D,I,20260206,2,R0E0,,,Chris Rodesch,R,198.0,LUX,24.578,138.0,456.0,K0DP,,,Oleksii Krutykh,R,185.0,UKR,25.933,569.0,67.0,6-3 6-1,3,RR,68.0,11.0,1.0,46.0,30.0,23.0,11.0,,2.0,2.0,0.0,2.0,56.0,37.0,20.0,8.0,,8.0,12.0
2026-M-DC-2026-WG1-PO-LUX-UKR-01,Davis Cup WG1 PO: LUX vs UKR,Hard,4,D,I,20260206,3,O0BE,,,Oleksandr Ovcharenko,R,185.0,UKR,24.329,498.0,84.0,CN80,,,Raphael Calzi,R,180.0,LUX,28.583,,,6-4 6-4,3,RR,77.0,4.0,8.0,63.0,36.0,31.0,9.0,10.0,2.0,3.0,8.0,2.0,57.0,32.0,23.0,12.0,10.0,6.0,9.0
2026-M-DC-2026-WG1-PO-MAR-COL-01,Davis Cup WG1 PO: MAR vs COL,Clay,4,D,O,20260206,1,M0AW,,,Nicolas Mejia,R,183.0,COL,26.01,177.0,341.0,B0D6,,,Taha Baadi,R,183.0,MAR,24.575,582.0,65.0,6-3 6-2,3,RR,78.0,1.0,0.0,54.0,36.0,26.0,13.0,9.0,0.0,0.0,0.0,2.0,42.0,22.0,14.0,10.0,8.0,0.0,3.0
2026-M-DC-2026-WG1-PO-MAR-COL-01,Davis Cup WG1 PO: MAR vs COL,Clay,4,D,O,20260206,2,B0PU,,,Reda Bennani,R,178.0,MAR,18.996,556.0,69.0,S0BT,,,Adria Soriano Barrera,R,191.0,COL,26.705,390.0,120.0,7-6(4) 7-5,3,RR,151.0,3.0,1.0,77.0,64.0,48.0,7.0,12.0,2.0,3.0,2.0,4.0,71.0,45.0,34.0,15.0,12.0,2.0,4.0
2026-M-DC-2026-WG1-PO-MAR-COL-01,Davis Cup WG1 PO: MAR vs COL,Clay,4,D,O,20260206,3,M0AW,,,Nicolas Mejia,R,183.0,COL,26.01,177.0,341.0,B0PU,,,Reda Bennani,R,178.0,MAR,18.996,556.0,69.0,6-1 4-6 6-2,3,RR,155.0,4.0,0.0,83.0,55.0,39.0,18.0,,6.0,8.0,2.0,2.0,96.0,71.0,41.0,10.0,,11.0,16.0
2026-M-DC-2026-WG1-PO-NZL-BIH-01,Davis Cup WG1 PO: NZL vs BIH,Hard,4,D,O,20260206,1,BE67,,,Mirza Basic,R,188.0,BIH,34.595,491.0,86.0,W0ED,,,James Watt,R,206.0,NZL,25.684,650.0,53.0,6-2 7-6(5),3,RR,75.0,3.0,3.0,58.0,22.0,20.0,24.0,,0.0,0.0,11.0,3.0,61.0,42.0,31.0,8.0,,2.0,4.0
2026-M-DC-2026-WG1-PO-NZL-BIH-01,Davis Cup WG1 PO: NZL vs BIH,Hard,4,D,O,20260206,2,N0DB,,,Andrej Nedic,R,185.0,BIH,21.331,285.0,184.0,S0NT,,,Anton Shepp,R,185.0,NZL,23.293,906.0,23.0,6-4 4-6 7-5,3,RR,167.0,3.0,4.0,105.0,69.0,50.0,20.0,,7.0,9.0,12.0,7.0,127.0,77.0,51.0,25.0,,13.0,16.0
2026-M-DC-2026-WG1-PO-NZL-BIH-01,Davis Cup WG1 PO: NZL vs BIH,Hard,4,D,O,20260206,3,S0NT,,,Anton Shepp,R,185.0,NZL,23.293,906.0,23.0,BE67,,,Mirza Basic,R,188.0,BIH,34.595,491.0,86.0,6-2 6-4,3,RR,70.0,10.0,5.0,57.0,32.0,24.0,14.0,,5.0,6.0,4.0,1.0,65.0,46.0,26.0,10.0,,7.0,11.0
2026-M-DC-2026-WG1-PO-NZL-BIH-01,Davis Cup WG1 PO: NZL vs BIH,Hard,4,D,O,20260206,4,W0ED,,,James Watt,R,206.0,NZL,25.684,650.0,53.0,N0DB,,,Andrej Nedic,R,185.0,BIH,21.331,285.0,184.0,6-3 7-6(4),3,RR,105.0,15.0,0.0,74.0,52.0,35.0,11.0,11.0,4.0,7.0,1.0,1.0,75.0,51.0,30.0,11.0,10.0,8.0,12.0
2026-M-DC-2026-WG1-PO-PAR-ROU-01,Davis Cup WG1 PO: PAR vs ROU,Clay,4,D,O,20260206,1,V0DP,,,Adolfo Daniel Vallejo,R,183.0,PAR,21.799,104.0,580.0,G0ME,,,Gabriel Ghetu,R,180.0,ROU,18.272,714.0,45.0,6-1 6-4,3,RR,81.0,3.0,3.0,59.0,49.0,32.0,3.0,9.0,5.0,8.0,2.0,1.0,41.0,32.0,11.0,4.0,8.0,2.0,8.0
2026-M-DC-2026-WG1-PO-PAR-ROU-01,Davis Cup WG1 PO: PAR vs ROU,Clay,4,D,O,20260206,2,T0JZ,,,Radu David Turcanu,L,,ROU,19.918,667.0,51.0,N0FT,,,Alex Santino Nunez Vera,,,PAR,18.504,112.0,546.0,6-1 3-6 7-6(2),3,RR,166.0,7.0,6.0,106.0,85.0,55.0,8.0,14.0,9.0,13.0,3.0,6.0,92.0,72.0,39.0,10.0,14.0,5.0,10.0
2026-M-DC-2026-WG1-PO-PAR-ROU-01,Davis Cup WG1 PO: PAR vs ROU,Clay,4,D,O,20260206,3,V0DP,,,Adolfo Daniel Vallejo,R,183.0,PAR,21.799,104.0,580.0,P0CY,,,Stefan Palosi,R,180.0,ROU,26.048,445.0,104.0,6-1 6-2,3,RR,85.0,4.0,3.0,59.0,43.0,29.0,4.0,7.0,9.0,11.0,1.0,4.0,54.0,36.0,14.0,5.0,8.0,6.0,13.0
2026-M-DC-2026-WG1-PO-SLO-TUR-01,Davis Cup WG1 PO: SLO vs TUR,Clay,4,D,I,20260206,1,E0AA,,,Yanki Erel,L,178.0,TUR,25.388,436.0,107.0,A0I1,,,Bor Artnak,R,193.0,SLO,21.697,467.0,94.0,7-6(2) 6-1,3,RR,107.0,4.0,4.0,88.0,46.0,35.0,19.0,,5.0,7.0,1.0,8.0,64.0,35.0,22.0,10.0,,4.0,8.0
2026-M-DC-2026-WG1-PO-SLO-TUR-01,Davis Cup WG1 PO: SLO vs TUR,Clay,4,D,I,20260206,2,A09Q,,,Mert Alkaya,R,178.0,TUR,25.67,376.0,126.0,D0I0,,,Sebastian Dominko,L,203.0,SLO,22.76,1069.0,13.0,7-5 7-6(4),3,RR,107.0,4.0,2.0,88.0,48.0,36.0,25.0,12.0,7.0,8.0,7.0,1.0,76.0,52.0,36.0,15.0,12.0,2.0,4.0
2026-M-DC-2026-WG1-PO-SLO-TUR-01,Davis Cup WG1 PO: SLO vs TUR,Clay,4,D,I,20260206,3,P0FV,,,Filip Jeff Planinsek,R,188.0,SVN,24.63,578.0,65.0,K0P9,,,Kaan Isik Kosaner,,,TUR,16.682,,,6-7(4) 6-1 [10-4],3,RR,136.0,8.0,1.0,56.0,48.0,32.0,4.0,9.0,1.0,3.0,2.0,4.0,77.0,73.0,39.0,1.0,10.0,11.0,16.0
2026-M-DC-2026-WG1-PO-SUI-TUN-01,Davis Cup WG1 PO: SUI vs TUN,Hard,4,D,I,20260206,1,R0FS,,,Leandro Riedi,R,191.0,SUI,24.049,171.0,348.0,T0JO,,,Alaa Trifi,,,TUN,19.082,1171.0,10.0,6-1 6-0,3,RR,56.0,1.0,1.0,47.0,30.0,22.0,11.0,7.0,2.0,2.0,0.0,4.0,49.0,28.0,14.0,8.0,6.0,10.0,15.0
2026-M-DC-2026-WG1-PO-SUI-TUN-01,Davis Cup WG1 PO: SUI vs TUN,Hard,4,D,I,20260206,2,EA13,,,Jerome Kym,R,178.0,TUN,33.095,142.0,434.0,K0EP,,,Moez Echargui,R,198.0,SUI,23.006,192.0,315.0,7-6(2) 6-4,3,RR,111.0,10.0,0.0,70.0,48.0,41.0,10.0,11.0,3.0,3.0,4.0,5.0,79.0,46.0,36.0,13.0,1.0,,
2026-M-DC-2026-WG1-PO-SUI-TUN-01,Davis Cup WG1 PO: SUI vs TUN,Hard,4,D,I,20260206,3,B0LW,,,Mika Brunold,R,191.0,SUI,21.369,453.0,98.0,O09A,,,Aziz Ouakaa,R,185.0,TUN,26.524,621.0,58.0,6-2 6-2,3,RR,52.0,3.0,2.0,52.0,41.0,28.0,7.0,8.0,2.0,3.0,0.0,2.0,46.0,27.0,12.0,9.0,8.0,2.0,7.0
2026-M-DC-2026-WG1-PO-TPE-LBN-01,Davis Cup WG1 PO: TPE vs LBN,Hard,4,D,O,20260206,1,W857,,,Tung-Lin Wu,R,188.0,TPE,27.762,373.0,127.0,HF80,,,Hady Habib,R,188.0,LBN,27.485,341.0,143.0,6-3 6-2,3,RR,64.0,10.0,1.0,45.0,36.0,32.0,5.0,,3.0,3.0,11.0,4.0,68.0,42.0,28.0,9.0,,6.0,9.0
2026-M-DC-2026-WG1-PO-TPE-LBN-01,Davis Cup WG1 PO: TPE vs LBN,Hard,4,D,O,20260206,2,HG94,,,Benjamin Hassan,R,183.0,LBN,31.028,259.0,208.0,H0B5,,,Tsung-Hao Huang,R,173.0,TPE,26.231,490.0,87.0,6-4 6-4,3,RR,146.0,2.0,0.0,62.0,30.0,21.0,18.0,,4.0,6.0,5.0,2.0,80.0,52.0,30.0,13.0,,3.0,7.0
2026-M-DC-2026-WG1-PO-TPE-LBN-01,Davis Cup WG1 PO: TPE vs LBN,Hard,4,D,O,20260206,3,W857,,,Tung-Lin Wu,R,188.0,TPE,27.762,373.0,127.0,HG94,,,Benjamin Hassan,R,183.0,LBN,31.028,259.0,208.0,6-3 6-4,3,RR,59.0,3.0,1.0,46.0,41.0,36.0,4.0,10.0,0.0,0.0,3.0,2.0,52.0,45.0,29.0,2.0,9.0,2.0,4.0
2026-375,Montpellier,Hard,28,250,I,20260207,20,D0DW,,,Titouan Droguet,R,191.0,FRA,24.649,150.0,403.0,GJ37,4,,Tallon Griekspoor,R,188.0,NED,29.602,29.0,1565.0,7-6(5) 7-6(1),3,QF,106.0,21.0,0.0,71.0,46.0,39.0,16.0,12.0,0.0,0.0,8.0,2.0,83.0,60.0,45.0,11.0,12.0,1.0,1.0
2026-375,Montpellier,Hard,28,250,I,20260207,21,AG37,,,Felix Auger-Aliassime,R,193.0,CAN,25.5,8.0,3725.0,F0F1,6,,Arthur Fils,R,185.0,FRA,21.656,42.0,1110.0,6-4 6-2,3,QF,68.0,12.0,0.0,40.0,27.0,25.0,11.0,9.0,0.0,0.0,2.0,1.0,55.0,33.0,18.0,14.0,9.0,2.0,5.0
2026-375,Montpellier,Hard,28,250,I,20260207,22,D0DT,,,Martin Damm,L,203.0,USA,,160.0,373.0,N0BG,,,Luca Nardi,R,185.0,ITA,22.508,106.0,571.0,6-3 7-6(8),3,QF,84.0,16.0,0.0,61.0,39.0,36.0,17.0,11.0,1.0,1.0,5.0,2.0,67.0,44.0,34.0,12.0,10.0,3.0,4.0
2026-375,Montpellier,Hard,28,250,I,20260207,23,ME82,,,Adrian Mannarino,L,180.0,FRA,37.61,70.0,810.0,G0IX,,,Arthur Gea,R,180.0,FRA,21.098,168.0,353.0,5-7 6-4 6-4,3,QF,151.0,3.0,1.0,93.0,65.0,49.0,13.0,16.0,1.0,3.0,12.0,3.0,91.0,54.0,43.0,18.0,16.0,2.0,5.0
2026-375,Montpellier,Hard,28,250,I,20260208,25,AG37,,,Felix Auger-Aliassime,R,193.0,CAN,25.503,8.0,3725.0,D0DW,,,Titouan Droguet,R,191.0,FRA,24.652,150.0,403.0,6-4 6-7(5) 6-1,3,SF,147.0,20.0,0.0,92.0,72.0,58.0,12.0,15.0,3.0,3.0,14.0,3.0,121.0,77.0,54.0,20.0,14.0,7.0,10.0
2026-375,Montpellier,Hard,28,250,I,20260208,26,ME82,,,Adrian Mannarino,L,180.0,FRA,37.613,70.0,810.0,D0DT,,,Martin Damm,L,203.0,USA,,160.0,373.0,1-6 6-3 6-4,3,SF,104.0,11.0,3.0,74.0,46.0,36.0,15.0,13.0,2.0,4.0,23.0,3.0,65.0,45.0,38.0,9.0,13.0,0.0,2.0
2026-375,Montpellier,Hard,28,250,I,20260208,27,AG37,,,Felix Auger-Aliassime,R,193.0,CAN,25.506,8.0,3725.0,ME82,,,Adrian Mannarino,L,180.0,FRA,37.615,70.0,810.0,6-3 7-6(4),3,F,95.0,13.0,1.0,58.0,45.0,39.0,7.0,10.0,0.0,0.0,4.0,1.0,63.0,38.0,28.0,13.0,11.0,1.0,3.0
2026-407,Rotterdam,Hard,32,500,I,20260209,1,V812,,,Botic van de Zandschulp,R,191.0,NED,30.352,65.0,849.0,P0AY,,,Luka Pavlovic,R,196.0,FRA,25.864,219.0,262.0,7-6(5) 6-3,3,R32,95.0,6.0,6.0,67.0,40.0,32.0,13.0,11.0,4.0,6.0,8.0,1.0,76.0,37.0,28.0,13.0,10.0,6.0,9.0
2026-407,Rotterdam,Hard,32,500,I,20260209,2,HH26,,,Ugo Humbert,L,188.0,FRA,27.625,36.0,1335.0,MM58,4,,Daniil Medvedev,R,198.0,RUS,29.996,11.0,3060.0,7-6(4) 3-6 6-3,3,R32,142.0,4.0,2.0,98.0,63.0,43.0,24.0,15.0,7.0,8.0,6.0,9.0,102.0,60.0,50.0,18.0,15.0,4.0,5.0
2026-407,Rotterdam,Hard,32,500,I,20260209,3,N771,6.0,,Cameron Norrie,L,188.0,GBR,30.467,26.0,1603.0,BD06,,,Roberto Bautista Agut,R,183.0,ESP,37.823,85.0,685.0,7-6(3) 6-1,3,R32,114.0,9.0,3.0,88.0,49.0,38.0,18.0,10.0,7.0,9.0,2.0,0.0,63.0,41.0,25.0,9.0,9.0,2.0,6.0
2026-407,Rotterdam,Hard,32,500,I,20260209,4,O483,,,Christopher O'Connell,R,183.0,AUS,31.688,119.0,511.0,R0EB,,,Valentin Royer,R,188.0,FRA,24.701,57.0,897.0,6-4 4-6 7-6(4),3,R32,172.0,10.0,3.0,102.0,62.0,47.0,19.0,16.0,4.0,7.0,7.0,3.0,125.0,79.0,54.0,20.0,16.0,8.0,11.0
2026-424,Dallas,Hard,32,500,I,20260209,1,N0AE,,,Brandon Nakashima,R,188.0,USA,24.52,29.0,1535.0,B0GG,,,Mattia Bellucci,L,175.0,ITA,24.693,107.0,553.0,6-3 6-4,3,R32,68.0,11.0,0.0,44.0,36.0,35.0,5.0,10.0,0.0,0.0,6.0,2.0,53.0,34.0,25.0,9.0,9.0,4.0,6.0
2026-506,Buenos Aires,Clay,28,250,O,20260209,1,MO44,,,Pedro Martinez,R,185.0,ESP,28.791,94.0,636.0,M0OH,,,Lautaro Midon,R,180.0,ARG,21.867,229.0,245.0,6-4 6-1,3,R32,95.0,1.0,3.0,54.0,37.0,30.0,5.0,8.0,4.0,5.0,3.0,1.0,66.0,37.0,20.0,13.0,9.0,6.0,11.0
2026-506,Buenos Aires,Clay,28,250,O,20260209,2,DA31,,,Hugo Dellien,R,180.0,BOL,32.652,167.0,355.0,D923,,,Damir Dzumhur,R,175.0,BIH,33.725,62.0,877.0,6-4 6-1,3,R32,74.0,2.0,1.0,51.0,42.0,32.0,6.0,9.0,2.0,2.0,1.0,2.0,49.0,37.0,23.0,5.0,8.0,2.0,5.0
2026-407,Rotterdam,Hard,32,500,I,20260210,5,MU94,,,Jaume Munar,R,183.0,ESP,28.769,37.0,1185.0,B0U4,,,Nicolai Budkov Kjaer,R,191.0,NOR,19.444,132.0,476.0,6-1 6-3,3,R32,71.0,4.0,2.0,44.0,25.0,20.0,14.0,8.0,2.0,2.0,4.0,1.0,46.0,33.0,18.0,6.0,8.0,2.0,6.0
2026-407,Rotterdam,Hard,32,500,I,20260210,6,DH58,1.0,,Alex de Minaur,R,183.0,AUS,26.981,8.0,3835.0,F0F1,,,Arthur Fils,R,185.0,FRA,21.665,42.0,1110.0,7-6(3) 6-2,3,R32,92.0,2.0,1.0,57.0,37.0,28.0,16.0,10.0,1.0,2.0,4.0,3.0,70.0,47.0,29.0,11.0,10.0,2.0,5.0
2026-407,Rotterdam,Hard,32,500,I,20260210,7,GJ37,7.0,,Tallon Griekspoor,R,188.0,NED,29.61,27.0,1585.0,M0GZ,,,Giovanni Mpetshi Perricard,R,203.0,FRA,22.595,56.0,905.0,6-4 6-4,3,R32,72.0,10.0,0.0,63.0,39.0,32.0,16.0,10.0,6.0,6.0,7.0,3.0,54.0,38.0,31.0,5.0,10.0,2.0,4.0
2026-407,Rotterdam,Hard,32,500,I,20260210,8,HB64,,,Quentin Halys,R,191.0,FRA,29.292,77.0,725.0,R0KD,,,Mees Rottgering,L,180.0,NED,18.598,614.0,59.0,3-6 6-1 6-1,3,R32,113.0,11.0,3.0,76.0,47.0,38.0,10.0,12.0,5.0,7.0,2.0,3.0,92.0,49.0,24.0,22.0,11.0,8.0,13.0
2026-407,Rotterdam,Hard,32,500,I,20260210,9,SL28,,,Jan-Lennard Struff,R,193.0,GER,35.797,82.0,706.0,GF95,,,Hugo Grenier,R,196.0,FRA,29.886,188.0,323.0,6-0 6-4,3,R32,64.0,3.0,1.0,45.0,23.0,19.0,14.0,8.0,1.0,2.0,1.0,3.0,50.0,25.0,17.0,6.0,8.0,7.0,12.0
2026-424,Dallas,Hard,32,500,I,20260210,2,K0AH,,,Sebastian Korda,R,196.0,USA,25.602,53.0,960.0,Z0BZ,,,Michael Zheng,R,188.0,USA,22.04,151.0,414.0,6-3 6-4,3,R32,67.0,9.0,1.0,51.0,30.0,29.0,12.0,10.0,1.0,1.0,3.0,1.0,60.0,46.0,30.0,8.0,9.0,6.0,8.0
2026-424,Dallas,Hard,32,500,I,20260210,3,DH50,3.0,,Alejandro Davidovich Fokina,R,180.0,ESP,26.686,14.0,2535.0,S0K7,,,Zachary Svajda,R,175.0,USA,23.201,110.0,551.0,6-4 7-6(1),3,R32,94.0,6.0,0.0,71.0,51.0,37.0,13.0,11.0,3.0,4.0,10.0,0.0,74.0,53.0,43.0,4.0,11.0,3.0,5.0
2026-424,Dallas,Hard,32,500,I,20260210,4,TD51,8.0,,Frances Tiafoe,R,188.0,USA,28.057,30.0,1510.0,A0GC,,,Terence Atmane,L,193.0,FRA,24.088,64.0,849.0,4-6 6-2 6-2,3,R32,108.0,3.0,1.0,77.0,43.0,32.0,19.0,13.0,3.0,5.0,12.0,3.0,74.0,45.0,32.0,10.0,13.0,2.0,7.0
2026-424,Dallas,Hard,32,500,I,20260210,5,KI95,,,Miomir Kecmanovic,R,183.0,SRB,26.448,66.0,820.0,SY67,,,Sho Shimabukuro,R,180.0,JPN,28.534,144.0,441.0,6-7(3) 6-3 7-6(3),3,R32,124.0,6.0,1.0,94.0,64.0,49.0,24.0,17.0,1.0,2.0,13.0,1.0,99.0,59.0,49.0,23.0,16.0,1.0,3.0
2026-424,Dallas,Hard,32,500,I,20260210,6,C977,,,Marin Cilic,R,198.0,CRO,37.369,61.0,890.0,T0HA,6,,Learner Tien,L,180.0,USA,20.192,23.0,1710.0,7-5 7-6(4),3,R32,110.0,9.0,3.0,82.0,47.0,41.0,14.0,12.0,2.0,4.0,9.0,6.0,75.0,42.0,32.0,13.0,12.0,1.0,4.0
2026-506,Buenos Aires,Clay,28,250,O,20260210,4,EA24,7.0,,Tomas Martin Etcheverry,R,196.0,ARG,26.568,54.0,945.0,PH64,,,Andrea Pellegrino,R,185.0,ITA,28.887,145.0,434.0,6-3 6-4,3,R32,98.0,7.0,1.0,61.0,34.0,29.0,13.0,10.0,1.0,1.0,4.0,2.0,55.0,36.0,26.0,9.0,9.0,3.0,5.0
2026-506,Buenos Aires,Clay,28,250,O,20260210,5,KI82,,,Vit Kopriva,R,178.0,CZE,28.657,95.0,632.0,B0GY,,,Alex Barrena,R,175.0,ARG,23.337,180.0,336.0,6-4 3-6 6-4,3,R32,147.0,4.0,5.0,86.0,57.0,39.0,12.0,14.0,3.0,7.0,4.0,4.0,109.0,68.0,43.0,17.0,15.0,6.0,11.0
2026-506,Buenos Aires,Clay,28,250,O,20260210,6,B0FV,,,Roman Andres Burruchaga,R,183.0,ARG,24.049,104.0,568.0,DB63,,,Laslo Djere,R,188.0,SRB,30.694,91.0,651.0,6-2 6-4,3,R32,79.0,2.0,1.0,46.0,31.0,27.0,10.0,9.0,1.0,1.0,3.0,3.0,61.0,37.0,23.0,11.0,9.0,6.0,9.0
2026-506,Buenos Aires,Clay,28,250,O,20260210,7,C0C8,,,Juan Manuel Cerundolo,L,183.0,ARG,24.238,80.0,717.0,AE14,5,,Daniel Altmaier,R,188.0,GER,27.414,51.0,995.0,6-2 6-2,3,R32,87.0,0.0,0.0,51.0,40.0,31.0,5.0,8.0,1.0,1.0,2.0,4.0,54.0,37.0,21.0,6.0,8.0,6.0,10.0
2026-506,Buenos Aires,Clay,28,250,O,20260210,8,BS86,,,Tomas Barrios Vera,R,191.0,CHI,28.17,114.0,546.0,SX91,,,Thiago Seyboth Wild,R,185.0,BRA,25.922,197.0,305.0,4-6 6-5 RET,3,R32,123.0,4.0,1.0,58.0,37.0,24.0,11.0,11.0,3.0,7.0,8.0,3.0,75.0,49.0,29.0,14.0,10.0,7.0,10.0
2026-506,Buenos Aires,Clay,28,250,O,20260210,9,TE30,,,Alejandro Tabilo,L,188.0,CHI,28.693,71.0,774.0,D0CG,,,Facundo Diaz Acosta,L,183.0,ARG,25.155,285.0,182.0,7-6(5) 6-3,3,R32,110.0,2.0,1.0,71.0,49.0,37.0,13.0,11.0,2.0,2.0,6.0,2.0,62.0,41.0,29.0,13.0,10.0,0.0,1.0
2026-407,Rotterdam,Hard,32,500,I,20260211,10,M0JF,,,Hamad Medjedovic,R,188.0,SRB,22.571,79.0,717.0,BU13,,,Zizou Bergs,R,185.0,BEL,26.694,39.0,1170.0,7-6(5) 7-6(5),3,R32,139.0,8.0,6.0,96.0,60.0,41.0,19.0,12.0,7.0,10.0,10.0,4.0,97.0,50.0,31.0,28.0,12.0,5.0,8.0
2026-407,Rotterdam,Hard,32,500,I,20260211,11,W367,,,Stan Wawrinka,R,183.0,SUI,40.876,106.0,562.0,B0T6,,,Thijs Boogaard,R,183.0,NED,17.605,1048.0,17.0,6-3 6-4,3,R32,82.0,9.0,2.0,65.0,31.0,28.0,19.0,10.0,3.0,3.0,1.0,3.0,56.0,35.0,25.0,11.0,9.0,4.0,6.0
2026-407,Rotterdam,Hard,32,500,I,20260211,12,O483,,,Christopher O'Connell,R,183.0,AUS,31.693,119.0,511.0,N771,6,,Cameron Norrie,L,188.0,GBR,30.472,26.0,1603.0,7-6(9) 6-4,3,R16,117.0,12.0,1.0,84.0,49.0,31.0,23.0,11.0,1.0,2.0,6.0,2.0,80.0,52.0,39.0,11.0,11.0,2.0,4.0
2026-407,Rotterdam,Hard,32,500,I,20260211,13,BK92,3.0,,Alexander Bublik,R,196.0,KAZ,28.654,10.0,3235.0,HB71,,,Hubert Hurkacz,R,196.0,POL,28.999,70.0,775.0,6-7(2) 7-6(1) 7-5,3,R32,142.0,13.0,4.0,119.0,74.0,60.0,22.0,18.0,5.0,6.0,25.0,9.0,107.0,56.0,51.0,23.0,18.0,1.0,3.0
2026-407,Rotterdam,Hard,32,500,I,20260211,14,KE29,5.0,,Karen Khachanov,R,198.0,RUS,29.728,18.0,2320.0,D0C1,,,Jesper de Jong,R,180.0,NED,25.7,86.0,673.0,3-6 6-4 7-5,3,R32,143.0,10.0,2.0,87.0,54.0,41.0,20.0,15.0,4.0,6.0,7.0,3.0,103.0,52.0,37.0,27.0,16.0,4.0,7.0
2026-407,Rotterdam,Hard,32,500,I,20260211,15,TE51,,,Stefanos Tsitsipas,R,193.0,GRE,27.502,32.0,1445.0,RC91,8,,Arthur Rinderknech,R,196.0,FRA,30.557,28.0,1542.0,7-5 6-3,3,R32,81.0,2.0,4.0,57.0,36.0,31.0,14.0,11.0,1.0,1.0,4.0,5.0,60.0,37.0,32.0,7.0,10.0,3.0,5.0
2026-407,Rotterdam,Hard,32,500,I,20260211,16,D0H9,,,Guy Den Ouden,R,183.0,NED,23.847,169.0,355.0,F724,,,Marton Fucsovics,R,188.0,HUN,34.01,49.0,1009.0,7-6(5) 6-1,3,R32,111.0,2.0,3.0,92.0,53.0,34.0,22.0,10.0,11.0,12.0,2.0,4.0,62.0,35.0,22.0,15.0,9.0,1.0,4.0
2026-424,Dallas,Hard,32,500,I,20260211,7,SU55,7.0,,Denis Shapovalov,L,185.0,CAN,26.828,40.0,1160.0,J0DZ,,,Rafael Jodar,R,191.0,ESP,19.403,124.0,498.0,6-1 6-2,3,R32,69.0,7.0,3.0,44.0,22.0,16.0,15.0,7.0,5.0,6.0,1.0,1.0,59.0,36.0,17.0,7.0,8.0,4.0,10.0
2026-424,Dallas,Hard,32,500,I,20260211,8,FB98,1.0,,Taylor Fritz,R,196.0,USA,28.29,7.0,3940.0,GC88,,,Marcos Giron,R,180.0,USA,32.553,59.0,895.0,6-4 5-7 7-6(1),3,R32,146.0,21.0,1.0,99.0,70.0,57.0,14.0,17.0,3.0,5.0,9.0,2.0,113.0,74.0,52.0,21.0,17.0,8.0,10.0
2026-424,Dallas,Hard,32,500,I,20260211,9,S0S1,2.0,,Ben Shelton,L,193.0,USA,23.343,9.0,3560.0,D0F6,,,Gabriel Diallo,R,203.0,CAN,24.383,38.0,1175.0,6-4 6-4,3,R32,97.0,13.0,3.0,59.0,34.0,28.0,16.0,10.0,3.0,3.0,6.0,3.0,56.0,36.0,29.0,7.0,10.0,1.0,3.0
2026-424,Dallas,Hard,32,500,I,20260211,10,P0HT,,,Jack Pinnington Jones,R,180.0,GBR,22.872,181.0,331.0,C0E9,4,,Flavio Cobolli,R,183.0,ITA,23.77,20.0,1955.0,6-2 6-2,3,R32,53.0,11.0,2.0,38.0,28.0,25.0,7.0,8.0,0.0,0.0,4.0,2.0,42.0,22.0,13.0,8.0,8.0,1.0,5.0
2026-424,Dallas,Hard,32,500,I,20260211,11,K0AZ,,,Aleksandar Kovacevic,R,183.0,USA,27.455,78.0,721.0,K0A3,,,Patrick Kypson,R,188.0,USA,26.292,109.0,552.0,6-4 7-6(1),3,R32,84.0,24.0,2.0,57.0,36.0,34.0,14.0,11.0,0.0,0.0,7.0,1.0,70.0,50.0,36.0,12.0,11.0,5.0,6.0
2026-424,Dallas,Hard,32,500,I,20260211,12,M0QI,,,Alex Michelsen,R,193.0,USA,21.465,41.0,1160.0,D875,,,Grigor Dimitrov,R,191.0,BUL,34.743,43.0,1105.0,5-7 6-4 6-4,3,R32,125.0,16.0,4.0,92.0,71.0,54.0,12.0,16.0,4.0,5.0,14.0,5.0,89.0,53.0,44.0,17.0,16.0,1.0,3.0
2026-506,Buenos Aires,Clay,28,250,O,20260211,10,U182,6.0,,Camilo Ugo Carabelli,R,185.0,ARG,26.656,47.0,1028.0,C0DF,,,Francisco Comesana,R,178.0,ARG,25.35,63.0,869.0,6-4 7-6(3),3,R32,125.0,1.0,2.0,82.0,56.0,35.0,14.0,11.0,5.0,7.0,2.0,4.0,65.0,46.0,31.0,8.0,11.0,1.0,4.0
2026-506,Buenos Aires,Clay,28,250,O,20260211,11,BK40,8.0,,Matteo Berrettini,R,196.0,ITA,29.834,58.0,895.0,CE77,,,Federico Coria,R,180.0,ARG,33.927,322.0,156.0,7-5 7-5,3,R32,134.0,4.0,2.0,66.0,46.0,36.0,12.0,12.0,1.0,2.0,1.0,1.0,103.0,68.0,37.0,19.0,12.0,8.0,11.0
2026-506,Buenos Aires,Clay,28,250,O,20260211,12,B0ID,,,Ignacio Buse,R,183.0,PER,21.884,96.0,623.0,P0CT,,,Francesco Passaro,R,180.0,ITA,25.095,159.0,376.0,5-7 7-5 6-4,3,R32,154.0,4.0,2.0,103.0,63.0,48.0,18.0,17.0,3.0,6.0,1.0,3.0,102.0,61.0,40.0,25.0,17.0,6.0,10.0
2026-506,Buenos Aires,Clay,28,250,O,20260211,13,N0BS,,,Mariano Navone,R,178.0,ARG,24.956,73.0,760.0,N0AM,,,Emilio Nava,R,185.0,USA,24.194,81.0,710.0,6-2 6-1,3,R32,63.0,1.0,1.0,43.0,27.0,23.0,7.0,7.0,2.0,2.0,1.0,2.0,44.0,28.0,14.0,4.0,8.0,1.0,6.0
2026-407,Rotterdam,Hard,32,500,I,20260212,17,GJ37,7.0,,Tallon Griekspoor,R,188.0,NED,29.615,27.0,1585.0,HB64,,,Quentin Halys,R,191.0,FRA,29.298,77.0,725.0,7-5 7-6(11),3,R16,121.0,16.0,0.0,70.0,50.0,43.0,15.0,12.0,0.0,0.0,20.0,4.0,108.0,73.0,59.0,10.0,12.0,7.0,8.0
2026-407,Rotterdam,Hard,32,500,I,20260212,18,AG37,2.0,,Felix Auger-Aliassime,R,193.0,CAN,25.514,6.0,3950.0,P09Z,,,Alexei Popyrin,R,196.0,AUS,26.524,50.0,1000.0,7-5 6-3,3,R32,92.0,8.0,3.0,61.0,41.0,34.0,11.0,11.0,2.0,2.0,6.0,1.0,57.0,39.0,26.0,11.0,10.0,1.0,3.0
2026-407,Rotterdam,Hard,32,500,I,20260212,19,DH58,1.0,,Alex de Minaur,R,183.0,AUS,26.987,8.0,3835.0,W367,,,Stan Wawrinka,R,183.0,SUI,40.879,106.0,562.0,6-4 6-2,3,R16,69.0,3.0,0.0,43.0,29.0,22.0,10.0,9.0,0.0,1.0,3.0,4.0,57.0,26.0,15.0,15.0,9.0,2.0,6.0
2026-407,Rotterdam,Hard,32,500,I,20260212,20,MU94,,,Jaume Munar,R,183.0,ESP,28.775,37.0,1185.0,KE29,5,,Karen Khachanov,R,198.0,RUS,29.73,18.0,2320.0,7-6(8) 3-6 6-3,3,R16,152.0,4.0,3.0,87.0,49.0,43.0,23.0,15.0,0.0,1.0,7.0,0.0,104.0,66.0,51.0,22.0,15.0,4.0,5.0
2026-407,Rotterdam,Hard,32,500,I,20260212,21,HH26,,,Ugo Humbert,L,188.0,FRA,27.633,36.0,1335.0,D0H9,,,Guy Den Ouden,R,183.0,NED,23.849,169.0,355.0,6-4 6-3,3,R16,80.0,3.0,2.0,56.0,30.0,19.0,18.0,10.0,2.0,4.0,0.0,2.0,53.0,30.0,16.0,12.0,9.0,0.0,4.0
2026-407,Rotterdam,Hard,32,500,I,20260212,22,V812,,,Botic van de Zandschulp,R,191.0,NED,30.36,65.0,849.0,TE51,,,Stefanos Tsitsipas,R,193.0,GRE,27.504,32.0,1445.0,6-4 7-6(4),3,R16,109.0,4.0,4.0,76.0,50.0,39.0,14.0,11.0,5.0,6.0,8.0,4.0,85.0,53.0,35.0,15.0,11.0,3.0,5.0
2026-424,Dallas,Hard,32,500,I,20260212,13,K0AH,,,Sebastian Korda,R,196.0,USA,25.607,53.0,960.0,TD51,8,,Frances Tiafoe,R,188.0,USA,28.063,30.0,1510.0,7-5 6-1,3,R16,68.0,8.0,1.0,50.0,34.0,30.0,8.0,10.0,1.0,2.0,8.0,1.0,49.0,32.0,22.0,6.0,9.0,3.0,7.0
2026-424,Dallas,Hard,32,500,I,20260212,14,FB98,1.0,,Taylor Fritz,R,196.0,USA,28.293,7.0,3940.0,N0AE,,,Brandon Nakashima,R,188.0,USA,24.528,29.0,1535.0,6-3 6-4,3,R16,69.0,15.0,3.0,54.0,41.0,34.0,8.0,10.0,3.0,3.0,5.0,0.0,50.0,34.0,22.0,10.0,9.0,0.0,2.0
2026-424,Dallas,Hard,32,500,I,20260212,15,DH50,3.0,,Alejandro Davidovich Fokina,R,180.0,ESP,26.691,14.0,2535.0,M0QI,,,Alex Michelsen,R,193.0,USA,21.467,41.0,1160.0,6-4 6-4,3,R16,78.0,7.0,0.0,68.0,52.0,40.0,7.0,10.0,1.0,1.0,7.0,1.0,59.0,42.0,31.0,7.0,10.0,1.0,3.0
2026-424,Dallas,Hard,32,500,I,20260212,16,PL56,5.0,,Tommy Paul,R,185.0,USA,28.742,24.0,1700.0,B0CD,,,Jenson Brooksby,R,193.0,USA,25.298,45.0,1042.0,4-6 6-4 7-6(4),3,R32,142.0,10.0,1.0,90.0,54.0,46.0,22.0,16.0,1.0,2.0,3.0,1.0,100.0,59.0,45.0,23.0,16.0,3.0,4.0
2026-424,Dallas,Hard,32,500,I,20260212,17,ME82,,,Adrian Mannarino,L,180.0,FRA,37.624,52.0,975.0,W09E,,,Adam Walton,R,183.0,AUS,26.825,93.0,643.0,6-4 6-2,3,R32,84.0,5.0,0.0,56.0,35.0,24.0,12.0,9.0,7.0,9.0,4.0,0.0,53.0,29.0,14.0,12.0,9.0,1.0,6.0
2026-424,Dallas,Hard,32,500,I,20260212,18,Q02L,,,Ethan Quinn,R,191.0,USA,21.922,74.0,758.0,S0VM,,,Trevor Svajda,R,175.0,USA,19.817,363.0,131.0,7-6(3) 7-5,3,R32,106.0,8.0,3.0,72.0,47.0,41.0,9.0,12.0,2.0,3.0,6.0,1.0,78.0,44.0,34.0,15.0,12.0,4.0,6.0
2026-424,Dallas,Hard,32,500,I,20260212,19,S0JA,,,Eliot Spizzirri,R,185.0,USA,24.14,68.0,781.0,D994,,,James Duckworth,R,183.0,AUS,34.062,83.0,691.0,6-2 6-4,3,R32,79.0,8.0,0.0,45.0,32.0,28.0,8.0,9.0,0.0,0.0,5.0,1.0,76.0,49.0,27.0,14.0,9.0,5.0,8.0
2026-506,Buenos Aires,Clay,28,250,O,20260212,14,C0AU,1.0,,Francisco Cerundolo,R,185.0,ARG,27.502,19.0,2135.0,DA31,,,Hugo Dellien,R,180.0,BOL,32.66,167.0,355.0,6-0 7-6(6),3,R16,84.0,4.0,0.0,60.0,39.0,30.0,15.0,9.0,5.0,5.0,2.0,1.0,65.0,46.0,25.0,11.0,9.0,6.0,9.0
2026-506,Buenos Aires,Clay,28,250,O,20260212,15,TE30,,,Alejandro Tabilo,L,188.0,CHI,28.698,71.0,774.0,F0FV,3,,Joao Fonseca,R,188.0,BRA,19.48,33.0,1440.0,6-3 3-6 7-5,3,R16,144.0,5.0,1.0,84.0,52.0,40.0,16.0,15.0,4.0,7.0,5.0,0.0,102.0,61.0,39.0,24.0,15.0,7.0,11.0
2026-506,Buenos Aires,Clay,28,250,O,20260212,16,EA24,7.0,,Tomas Martin Etcheverry,R,196.0,ARG,26.574,54.0,945.0,B0FV,,,Roman Andres Burruchaga,R,183.0,ARG,24.055,104.0,568.0,7-6(5) 6-7(3) 6-4,3,R16,217.0,6.0,3.0,122.0,81.0,55.0,19.0,17.0,6.0,10.0,4.0,5.0,121.0,81.0,53.0,21.0,17.0,8.0,13.0
2026-506,Buenos Aires,Clay,28,250,O,20260212,17,KI82,,,Vit Kopriva,R,178.0,CZE,28.663,95.0,632.0,BK40,8,,Matteo Berrettini,R,196.0,ITA,29.837,58.0,895.0,6-4 6-3,3,R16,94.0,0.0,0.0,56.0,35.0,27.0,14.0,10.0,2.0,2.0,4.0,0.0,69.0,43.0,29.0,13.0,9.0,6.0,8.0
2026-506,Buenos Aires,Clay,28,250,O,20260212,18,D0FJ,2.0,,Luciano Darderi,R,183.0,ITA,23.995,22.0,1789.0,BS86,,,Tomas Barrios Vera,R,191.0,CHI,28.175,114.0,546.0,6-1 6-3,3,R16,82.0,6.0,4.0,49.0,22.0,21.0,13.0,8.0,3.0,4.0,0.0,1.0,55.0,34.0,16.0,6.0,8.0,4.0,9.0
2026-407,Rotterdam,Hard,32,500,I,20260213,23,BK92,3.0,,Alexander Bublik,R,196.0,KAZ,28.66,10.0,3235.0,SL28,,,Jan-Lennard Struff,R,193.0,GER,35.806,82.0,706.0,7-6(2) 4-6 6-3,3,R16,125.0,13.0,7.0,112.0,54.0,41.0,33.0,16.0,5.0,7.0,9.0,2.0,90.0,57.0,46.0,16.0,15.0,7.0,9.0
2026-407,Rotterdam,Hard,32,500,I,20260213,24,AG37,2.0,,Felix Auger-Aliassime,R,193.0,CAN,25.517,6.0,3950.0,M0JF,,,Hamad Medjedovic,R,188.0,SRB,22.576,79.0,717.0,6-4 6-4,3,R16,90.0,9.0,1.0,56.0,36.0,30.0,11.0,10.0,1.0,1.0,5.0,1.0,66.0,40.0,28.0,14.0,10.0,2.0,4.0
2026-407,Rotterdam,Hard,32,500,I,20260213,25,DH58,1.0,,Alex de Minaur,R,183.0,AUS,26.99,8.0,3835.0,V812,,,Botic van de Zandschulp,R,191.0,NED,30.363,65.0,849.0,3-6 7-6(4) 7-5,3,QF,164.0,4.0,3.0,100.0,67.0,50.0,18.0,16.0,5.0,7.0,12.0,8.0,119.0,69.0,52.0,24.0,17.0,3.0,5.0
2026-407,Rotterdam,Hard,32,500,I,20260213,26,HH26,,,Ugo Humbert,L,188.0,FRA,27.636,36.0,1335.0,O483,,,Christopher O'Connell,R,183.0,AUS,31.699,119.0,511.0,6-4 6-1,3,QF,77.0,5.0,2.0,49.0,26.0,25.0,13.0,9.0,0.0,0.0,4.0,1.0,50.0,27.0,16.0,11.0,8.0,4.0,7.0
2026-407,Rotterdam,Hard,32,500,I,20260213,27,AG37,2.0,,Felix Auger-Aliassime,R,193.0,CAN,25.517,6.0,3950.0,GJ37,7,,Tallon Griekspoor,R,188.0,NED,29.618,27.0,1585.0,7-6(2) 6-2,3,QF,104.0,9.0,3.0,63.0,37.0,34.0,14.0,10.0,1.0,1.0,3.0,3.0,68.0,46.0,32.0,9.0,10.0,4.0,6.0
2026-424,Dallas,Hard,32,500,I,20260213,20,S0S1,2.0,,Ben Shelton,L,193.0,USA,23.348,9.0,3560.0,ME82,,,Adrian Mannarino,L,180.0,FRA,37.626,52.0,975.0,7-6(2) 6-7(4) 6-3,3,R16,160.0,23.0,1.0,108.0,77.0,59.0,16.0,17.0,6.0,8.0,12.0,4.0,107.0,63.0,47.0,21.0,16.0,3.0,6.0
2026-424,Dallas,Hard,32,500,I,20260213,21,SU55,7.0,,Denis Shapovalov,L,185.0,CAN,26.834,40.0,1160.0,K0AZ,,,Aleksandar Kovacevic,R,183.0,USA,27.461,78.0,721.0,6-4 6-4,3,R16,66.0,22.0,1.0,48.0,32.0,30.0,10.0,10.0,0.0,0.0,4.0,2.0,56.0,37.0,29.0,7.0,10.0,2.0,4.0
2026-424,Dallas,Hard,32,500,I,20260213,22,C977,,,Marin Cilic,R,198.0,CRO,37.377,61.0,890.0,Q02L,,,Ethan Quinn,R,191.0,USA,21.925,74.0,758.0,7-6(4) 6-3,3,R16,97.0,15.0,5.0,62.0,38.0,38.0,14.0,11.0,0.0,0.0,12.0,1.0,76.0,49.0,38.0,12.0,10.0,4.0,5.0
2026-424,Dallas,Hard,32,500,I,20260213,23,P0HT,,,Jack Pinnington Jones,R,180.0,GBR,22.877,181.0,331.0,S0JA,,,Eliot Spizzirri,R,185.0,USA,24.142,68.0,781.0,7-6(5) 4-6 7-6(4),3,R16,172.0,14.0,8.0,116.0,81.0,66.0,15.0,17.0,4.0,5.0,13.0,0.0,101.0,77.0,60.0,16.0,17.0,0.0,0.0
2026-424,Dallas,Hard,32,500,I,20260213,24,KI95,,,Miomir Kecmanovic,R,183.0,SRB,26.456,66.0,820.0,PL56,5,,Tommy Paul,R,185.0,USA,28.745,24.0,1700.0,5-7 6-4 6-4,3,R16,120.0,6.0,2.0,89.0,64.0,49.0,14.0,16.0,4.0,6.0,14.0,1.0,90.0,58.0,46.0,13.0,16.0,3.0,6.0
2026-424,Dallas,Hard,32,500,I,20260213,25,FB98,1.0,,Taylor Fritz,R,196.0,USA,28.296,7.0,3940.0,K0AH,,,Sebastian Korda,R,196.0,USA,25.61,53.0,960.0,6-7(2) 6-4 7-6(5),3,QF,149.0,22.0,3.0,116.0,86.0,69.0,12.0,17.0,4.0,4.0,12.0,0.0,103.0,69.0,57.0,19.0,17.0,1.0,2.0
2026-424,Dallas,Hard,32,500,I,20260213,26,C977,,,Marin Cilic,R,198.0,CRO,37.377,61.0,890.0,P0HT,,,Jack Pinnington Jones,R,180.0,GBR,22.877,181.0,331.0,6-1 6-4,3,QF,77.0,16.0,0.0,51.0,33.0,28.0,9.0,9.0,2.0,2.0,3.0,3.0,56.0,32.0,20.0,10.0,8.0,4.0,7.0
2026-506,Buenos Aires,Clay,28,250,O,20260213,19,U182,6.0,,Camilo Ugo Carabelli,R,185.0,ARG,26.661,47.0,1028.0,N0BS,,,Mariano Navone,R,178.0,ARG,24.961,73.0,760.0,6-2 7-5,3,R16,122.0,1.0,1.0,65.0,39.0,23.0,17.0,10.0,4.0,6.0,0.0,4.0,74.0,45.0,25.0,12.0,10.0,4.0,9.0
2026-506,Buenos Aires,Clay,28,250,O,20260213,20,B0BI,4.0,,Sebastian Baez,R,170.0,ARG,25.128,34.0,1420.0,B0ID,,,Ignacio Buse,R,183.0,PER,21.889,96.0,623.0,6-4 6-3,3,R16,83.0,1.0,1.0,49.0,31.0,23.0,12.0,9.0,1.0,2.0,2.0,0.0,62.0,41.0,21.0,13.0,10.0,4.0,8.0
2026-506,Buenos Aires,Clay,28,250,O,20260213,21,MO44,,,Pedro Martinez,R,185.0,ESP,28.802,94.0,636.0,C0C8,,,Juan Manuel Cerundolo,L,183.0,ARG,24.246,80.0,717.0,7-6(5) 6-4,3,R16,123.0,0.0,3.0,72.0,53.0,37.0,6.0,11.0,3.0,6.0,3.0,2.0,71.0,53.0,32.0,10.0,11.0,2.0,6.0
2026-506,Buenos Aires,Clay,28,250,O,20260213,22,EA24,7.0,,Tomas Martin Etcheverry,R,196.0,ARG,26.576,54.0,945.0,TE30,,,Alejandro Tabilo,L,188.0,CHI,28.701,71.0,774.0,1-6 6-3 6-4,3,QF,126.0,9.0,0.0,80.0,56.0,39.0,12.0,13.0,2.0,5.0,2.0,3.0,70.0,45.0,29.0,15.0,13.0,0.0,3.0
2026-506,Buenos Aires,Clay,28,250,O,20260213,23,C0AU,1.0,,Francisco Cerundolo,R,185.0,ARG,27.504,19.0,2135.0,KI82,,,Vit Kopriva,R,178.0,CZE,28.665,95.0,632.0,6-4 6-3,3,QF,97.0,3.0,2.0,62.0,38.0,28.0,10.0,10.0,3.0,6.0,2.0,4.0,67.0,42.0,26.0,6.0,9.0,7.0,12.0
2026-407,Rotterdam,Hard,32,500,I,20260214,28,BK92,3.0,,Alexander Bublik,R,196.0,KAZ,28.663,10.0,3235.0,MU94,,,Jaume Munar,R,183.0,ESP,28.78,37.0,1185.0,6-4 6-7(4) 7-6(3),3,QF,162.0,10.0,7.0,113.0,61.0,50.0,31.0,17.0,10.0,11.0,8.0,1.0,110.0,61.0,48.0,26.0,17.0,4.0,6.0
2026-407,Rotterdam,Hard,32,500,I,20260214,29,DH58,1.0,,Alex De Minaur,R,183.0,AUS,26.992,8.0,3835.0,HH26,,,Ugo Humbert,L,188.0,FRA,27.639,36.0,1335.0,6-4 6-3,3,SF,92.0,1.0,2.0,76.0,51.0,34.0,14.0,9.0,10.0,10.0,0.0,2.0,52.0,29.0,20.0,15.0,10.0,1.0,4.0
2026-424,Dallas,Hard,32,500,I,20260214,27,S0S1,2.0,,Ben Shelton,L,193.0,USA,23.351,9.0,3560.0,KI95,,,Miomir Kecmanovic,R,183.0,SRB,26.459,66.0,820.0,5-7 6-3 6-4,3,QF,118.0,14.0,7.0,90.0,64.0,59.0,8.0,16.0,1.0,2.0,7.0,2.0,85.0,51.0,44.0,16.0,15.0,3.0,5.0
2026-424,Dallas,Hard,32,500,I,20260214,28,SU55,7.0,,Denis Shapovalov,L,185.0,CAN,26.836,40.0,1160.0,DH50,3,,Alejandro Davidovich Fokina,R,180.0,ESP,26.697,14.0,2535.0,5-7 6-4 6-3,3,QF,117.0,17.0,2.0,89.0,54.0,41.0,21.0,16.0,2.0,3.0,2.0,3.0,86.0,63.0,48.0,12.0,15.0,5.0,7.0
2026-506,Buenos Aires,Clay,28,250,O,20260214,24,D0FJ,2.0,,Luciano Darderi,R,183.0,ITA,24.0,22.0,1789.0,MO44,,,Pedro Martinez,R,185.0,ESP,28.805,94.0,636.0,7-5 6-1,3,QF,91.0,9.0,3.0,64.0,37.0,34.0,11.0,10.0,4.0,4.0,0.0,3.0,56.0,40.0,26.0,5.0,9.0,1.0,4.0
2026-506,Buenos Aires,Clay,28,250,O,20260214,25,B0BI,4.0,,Sebastian Baez,R,170.0,ARG,25.131,34.0,1420.0,U182,6,,Camilo Ugo Carabelli,R,185.0,ARG,26.664,47.0,1028.0,7-6(5) 6-2,3,QF,119.0,1.0,1.0,67.0,46.0,32.0,15.0,10.0,5.0,7.0,2.0,4.0,94.0,56.0,37.0,14.0,10.0,9.0,13.0
2026-407,Rotterdam,Hard,32,500,I,20260215,30,AG37,2.0,,Felix Auger-Aliassime,R,193.0,CAN,25.522,6.0,3950.0,BK92,3,,Alexander Bublik,R,196.0,KAZ,28.665,10.0,3235.0,6-1 6-2,3,SF,54.0,7.0,3.0,40.0,28.0,27.0,6.0,8.0,0.0,0.0,4.0,1.0,44.0,30.0,16.0,5.0,7.0,2.0,6.0
2026-407,Rotterdam,Hard,32,500,I,20260215,31,DH58,1.0,,Alex de Minaur,R,183.0,AUS,26.995,8.0,3835.0,AG37,2,,Felix Auger-Aliassime,R,193.0,CAN,25.522,6.0,3950.0,6-3 6-2,3,F,78.0,1.0,1.0,51.0,34.0,26.0,11.0,9.0,0.0,0.0,2.0,3.0,45.0,22.0,18.0,7.0,8.0,2.0,5.0
2026-424,Dallas,Hard,32,500,I,20260215,29,FB98,1.0,,Taylor Fritz,R,196.0,USA,28.301,7.0,3940.0,C977,,,Marin Cilic,R,198.0,CRO,37.383,61.0,890.0,7-6(5) 7-6(3),3,SF,122.0,22.0,0.0,75.0,56.0,48.0,11.0,12.0,0.0,0.0,16.0,8.0,97.0,54.0,44.0,21.0,12.0,5.0,5.0
2026-424,Dallas,Hard,32,500,I,20260215,30,S0S1,2.0,,Ben Shelton,L,193.0,USA,23.354,9.0,3560.0,SU55,7,,Denis Shapovalov,L,185.0,CAN,26.839,40.0,1160.0,4-6 6-4 7-6(4),3,SF,156.0,8.0,4.0,113.0,81.0,59.0,18.0,16.0,10.0,11.0,4.0,2.0,109.0,68.0,50.0,25.0,16.0,5.0,6.0
2026-424,Dallas,Hard,32,500,I,20260215,31,S0S1,2.0,,Ben Shelton,L,193.0,USA,23.357,9.0,3560.0,FB98,1,,Taylor Fritz,R,196.0,USA,28.304,7.0,3940.0,3-6 6-3 7-5,3,F,111.0,16.0,0.0,89.0,63.0,42.0,17.0,15.0,5.0,7.0,14.0,1.0,73.0,49.0,43.0,10.0,15.0,2.0,5.0
2026-506,Buenos Aires,Clay,28,250,O,20260215,26,C0AU,1.0,,Francisco Cerundolo,R,185.0,ARG,27.51,19.0,2135.0,EA24,7,,Tomas Martin Etcheverry,R,196.0,ARG,26.582,54.0,945.0,6-3 7-5,3,SF,111.0,3.0,0.0,67.0,42.0,35.0,14.0,11.0,1.0,1.0,4.0,1.0,64.0,39.0,25.0,14.0,10.0,3.0,5.0
2026-506,Buenos Aires,Clay,28,250,O,20260215,27,D0FJ,2.0,,Luciano Darderi,R,183.0,ITA,24.003,22.0,1789.0,B0BI,4,,Sebastian Baez,R,170.0,ARG,25.133,34.0,1420.0,7-6(2) 6-1,3,SF,78.0,3.0,0.0,51.0,32.0,27.0,15.0,9.0,0.0,0.0,1.0,1.0,65.0,47.0,27.0,11.0,10.0,1.0,4.0
2026-506,Buenos Aires,Clay,28,250,O,20260215,28,C0AU,1.0,,Francisco Cerundolo,R,185.0,ARG,27.513,19.0,2135.0,D0FJ,2,,Luciano Darderi,R,183.0,ITA,24.005,22.0,1789.0,6-4 6-2,3,F,96.0,1.0,4.0,68.0,36.0,22.0,20.0,9.0,6.0,7.0,3.0,3.0,58.0,33.0,24.0,6.0,9.0,6.0,10.0
2026-451,Doha,Hard,32,500,O,20260216,1,R0EB,,,Valentin Royer,R,188.0,FRA,24.72,60.0,897.0,H996,,,Pierre-Hugues Herbert,R,188.0,FRA,34.919,190.0,313.0,6-0 6-3,3,R32,62.0,2.0,1.0,48.0,30.0,24.0,8.0,8.0,1.0,2.0,4.0,4.0,51.0,35.0,19.0,2.0,7.0,1.0,6.0
2026-451,Doha,Hard,32,500,O,20260216,2,P09Z,,,Alexei Popyrin,R,196.0,AUS,26.535,53.0,1000.0,AC39,,,Mubarak Shannan Zayid,R,,QAT,30.845,,,6-0 6-2,3,R32,58.0,5.0,1.0,40.0,27.0,23.0,8.0,7.0,1.0,1.0,0.0,6.0,40.0,21.0,9.0,6.0,7.0,3.0,8.0
2026-451,Doha,Hard,32,500,O,20260216,3,S0AG,2.0,,Jannik Sinner,R,191.0,ITA,24.504,2.0,10300.0,M0FH,,,Tomas Machac,R,183.0,CZE,25.35,31.0,1510.0,6-1 6-4,3,R32,70.0,7.0,0.0,42.0,29.0,25.0,11.0,9.0,0.0,0.0,1.0,4.0,64.0,38.0,25.0,10.0,8.0,8.0,11.0
2026-451,Doha,Hard,32,500,O,20260216,4,M0NI,6.0,,Jakub Mensik,R,196.0,CZE,20.46,16.0,2425.0,CH12,,,Jan Choinski,R,196.0,GBR,29.687,124.0,498.0,6-7(6) 6-2 6-4,3,R32,138.0,10.0,2.0,93.0,61.0,46.0,16.0,15.0,2.0,4.0,3.0,2.0,103.0,70.0,44.0,16.0,15.0,5.0,10.0
2026-451,Doha,Hard,32,500,O,20260216,5,F0F1,,,Arthur Fils,R,185.0,FRA,21.681,40.0,1110.0,MQ75,,,Kamil Majchrzak,R,183.0,POL,30.094,56.0,920.0,6-7(5) 6-3 6-4,3,R32,130.0,5.0,5.0,99.0,65.0,49.0,18.0,16.0,0.0,1.0,7.0,5.0,107.0,70.0,50.0,16.0,15.0,3.0,6.0
2026-451,Doha,Hard,32,500,O,20260216,6,MM58,4.0,,Daniil Medvedev,R,198.0,RUS,30.015,11.0,3010.0,S0RE,,,Juncheng Shang,L,180.0,CHN,21.038,261.0,205.0,6-4 6-2,3,R32,75.0,6.0,1.0,53.0,42.0,33.0,7.0,9.0,1.0,1.0,1.0,2.0,59.0,39.0,25.0,8.0,9.0,5.0,8.0
2026-499,Delray Beach,Hard,28,250,O,20260216,1,M0QI,,,Alex Michelsen,R,193.0,USA,21.478,41.0,1110.0,VA25,6,,Valentin Vacherot,R,193.0,MON,27.253,26.0,1605.0,7-6(4) 6-4,3,R32,88.0,5.0,2.0,58.0,39.0,36.0,13.0,11.0,0.0,0.0,10.0,3.0,65.0,43.0,36.0,11.0,11.0,2.0,3.0
2026-499,Delray Beach,Hard,28,250,O,20260216,2,A0GC,,,Terence Atmane,L,193.0,FRA,24.104,66.0,833.0,K0A3,,,Patrick Kypson,R,188.0,USA,26.305,105.0,565.0,6-3 2-6 6-4,3,R32,103.0,11.0,2.0,74.0,43.0,32.0,20.0,14.0,1.0,3.0,5.0,2.0,72.0,50.0,39.0,11.0,13.0,1.0,3.0
2026-499,Delray Beach,Hard,28,250,O,20260216,3,W0BH,,,Coleman Wong,R,191.0,HKG,21.697,137.0,458.0,BT72,,,Nuno Borges,R,185.0,POR,28.991,45.0,1070.0,7-6(5) 4-6 6-3,3,R32,127.0,14.0,3.0,100.0,68.0,50.0,19.0,16.0,9.0,11.0,8.0,3.0,98.0,66.0,49.0,17.0,15.0,3.0,5.0
2026-6932,Rio de Janeiro,Clay,32,500,O,20260216,1,T0A1,,,Thiago Agustin Tirante,R,185.0,ARG,24.854,92.0,647.0,GD64,,,Cristian Garin,R,185.0,CHI,29.717,89.0,656.0,7-5 6-3,3,R32,113.0,12.0,0.0,69.0,38.0,27.0,17.0,11.0,5.0,7.0,2.0,5.0,65.0,39.0,24.0,12.0,10.0,4.0,8.0
2026-451,Doha,Hard,32,500,O,20260217,7,A0E2,1.0,,Carlos Alcaraz,R,183.0,ESP,22.79,1.0,13150.0,RC91,,,Arthur Rinderknech,R,196.0,FRA,30.574,30.0,1530.0,6-4 7-6(5),3,R32,107.0,2.0,1.0,69.0,53.0,45.0,8.0,11.0,2.0,2.0,6.0,1.0,83.0,56.0,42.0,13.0,11.0,5.0,6.0
2026-451,Doha,Hard,32,500,O,20260217,8,KE29,7.0,,Karen Khachanov,R,198.0,RUS,29.744,17.0,2360.0,M0HU,,,Shintaro Mochizuki,R,175.0,JPN,22.713,117.0,525.0,6-1 3-6 6-4,3,R32,115.0,7.0,2.0,74.0,46.0,35.0,12.0,13.0,2.0,5.0,6.0,7.0,96.0,51.0,29.0,22.0,13.0,8.0,13.0
2026-451,Doha,Hard,32,500,O,20260217,9,L0BV,8.0,,Jiri Lehecka,R,185.0,CZE,24.277,22.0,1860.0,B0CD,,,Jenson Brooksby,R,193.0,USA,25.311,47.0,1042.0,6-3 6-3,3,R32,82.0,5.0,3.0,59.0,42.0,32.0,8.0,9.0,4.0,5.0,0.0,3.0,63.0,42.0,24.0,9.0,9.0,3.0,7.0
2026-451,Doha,Hard,32,500,O,20260217,10,BU13,,,Zizou Bergs,R,185.0,BEL,26.71,44.0,1080.0,M0GZ,,,Giovanni Mpetshi Perricard,R,203.0,FRA,22.615,58.0,905.0,6-3 6-7(5) 6-4,3,R32,135.0,17.0,2.0,101.0,61.0,48.0,26.0,16.0,1.0,1.0,7.0,2.0,89.0,64.0,50.0,13.0,15.0,2.0,4.0
2026-451,Doha,Hard,32,500,O,20260217,11,F724,,,Marton Fucsovics,R,188.0,HUN,34.026,61.0,891.0,HF80,,,Hady Habib,R,188.0,LBN,27.493,334.0,143.0,6-3 6-3,3,R32,70.0,1.0,2.0,52.0,39.0,26.0,9.0,9.0,2.0,3.0,1.0,6.0,55.0,29.0,20.0,10.0,9.0,3.0,7.0
2026-451,Doha,Hard,32,500,O,20260217,12,HB64,,,Quentin Halys,R,191.0,FRA,29.311,72.0,762.0,CD85,,,Pablo Carreno Busta,R,188.0,ESP,34.604,123.0,504.0,4-6 7-5 6-3,3,R32,143.0,14.0,2.0,91.0,47.0,40.0,23.0,16.0,5.0,7.0,4.0,0.0,94.0,62.0,40.0,18.0,15.0,1.0,4.0
2026-451,Doha,Hard,32,500,O,20260217,13,M0CI,,,Fabian Marozsan,R,193.0,HUN,26.363,48.0,1040.0,HH26,,,Ugo Humbert,L,188.0,FRA,27.647,36.0,1285.0,6-3 6-1,3,R32,57.0,1.0,1.0,39.0,30.0,26.0,6.0,8.0,0.0,0.0,1.0,2.0,47.0,25.0,14.0,11.0,8.0,3.0,7.0
2026-451,Doha,Hard,32,500,O,20260217,14,TE51,,,Stefanos Tsitsipas,R,193.0,GRE,27.518,33.0,1485.0,EA13,,,Moez Echargui,R,178.0,TUN,33.103,139.0,449.0,6-4 6-4,3,R32,84.0,5.0,0.0,54.0,33.0,27.0,14.0,10.0,0.0,0.0,4.0,1.0,63.0,44.0,31.0,8.0,10.0,5.0,7.0
2026-451,Doha,Hard,32,500,O,20260217,15,Z371,,,Zhizhen Zhang,R,193.0,CHN,29.339,319.0,155.0,CF59,,,Roberto Carballes Baena,R,183.0,ESP,32.906,175.0,350.0,6-4 6-4,3,R32,74.0,10.0,0.0,60.0,40.0,35.0,10.0,10.0,1.0,1.0,7.0,2.0,54.0,37.0,28.0,8.0,10.0,0.0,2.0
2026-499,Delray Beach,Hard,28,250,O,20260217,4,TD51,8.0,,Frances Tiafoe,R,188.0,USA,28.077,28.0,1550.0,H0BH,,,Rinky Hijikata,R,178.0,AUS,24.983,113.0,546.0,6-4 6-4,3,R32,73.0,6.0,0.0,48.0,34.0,32.0,9.0,10.0,1.0,1.0,5.0,1.0,59.0,34.0,24.0,15.0,10.0,5.0,7.0
2026-499,Delray Beach,Hard,28,250,O,20260217,5,GC88,,,Marcos Giron,R,180.0,USA,32.569,64.0,855.0,SY67,,,Sho Shimabukuro,R,180.0,JPN,28.553,135.0,466.0,6-3 7-5,3,R32,86.0,2.0,2.0,75.0,40.0,28.0,25.0,11.0,9.0,9.0,10.0,2.0,59.0,39.0,30.0,7.0,10.0,3.0,5.0
2026-6932,Rio de Janeiro,Clay,32,500,O,20260217,2,H997,,,Yannick Hanfmann,R,193.0,GER,34.264,90.0,653.0,R0A7,,,Joao Lucas Reis Da Silva,R,178.0,BRA,25.897,207.0,291.0,7-6(3) 6-4,3,R32,117.0,6.0,1.0,69.0,50.0,40.0,8.0,11.0,2.0,4.0,1.0,3.0,79.0,54.0,36.0,9.0,11.0,6.0,9.0
2026-6932,Rio de Janeiro,Clay,32,500,O,20260217,3,L987,,,Dusan Lajovic,R,183.0,SRB,35.636,129.0,485.0,AE14,7,,Daniel Altmaier,R,188.0,GER,27.433,54.0,961.0,6-4 7-6(7),3,R32,121.0,2.0,1.0,73.0,56.0,44.0,7.0,11.0,1.0,2.0,8.0,2.0,89.0,56.0,39.0,13.0,11.0,6.0,8.0
2026-6932,Rio de Janeiro,Clay,32,500,O,20260217,4,B0ID,,,Ignacio Buse,R,183.0,PER,21.9,91.0,648.0,RD48,,,Igor Marcondes,L,185.0,BRA,28.674,348.0,138.0,4-6 7-5 6-4,3,R32,162.0,3.0,1.0,113.0,76.0,55.0,18.0,16.0,12.0,14.0,6.0,2.0,86.0,53.0,40.0,19.0,16.0,3.0,6.0
2026-6932,Rio de Janeiro,Clay,32,500,O,20260217,5,KI82,,,Vit Kopriva,R,178.0,CZE,28.676,87.0,660.0,H0DU,,,Gustavo Heide,R,191.0,BRA,23.97,258.0,207.0,6-2 7-6(5),3,R32,109.0,2.0,1.0,65.0,42.0,30.0,17.0,10.0,7.0,8.0,1.0,1.0,66.0,36.0,23.0,16.0,10.0,2.0,5.0
2026-6932,Rio de Janeiro,Clay,32,500,O,20260217,6,TE30,,,Alejandro Tabilo,L,188.0,CHI,28.712,68.0,808.0,N0AM,,,Emilio Nava,R,185.0,USA,24.211,76.0,710.0,6-3 6-3,3,R32,63.0,3.0,0.0,42.0,35.0,29.0,7.0,9.0,0.0,0.0,6.0,3.0,53.0,38.0,25.0,6.0,9.0,4.0,7.0
2026-451,Doha,Hard,32,500,O,20260218,16,RE44,5.0,,Andrey Rublev,R,188.0,RUS,28.331,14.0,2510.0,D0C1,,,Jesper de Jong,R,180.0,NED,25.72,86.0,665.0,6-4 6-3,3,R32,78.0,4.0,2.0,54.0,34.0,22.0,10.0,9.0,2.0,4.0,5.0,1.0,59.0,36.0,22.0,9.0,10.0,3.0,8.0
2026-451,Doha,Hard,32,500,O,20260218,17,A0E2,1.0,,Carlos Alcaraz,R,183.0,ESP,22.795,1.0,13150.0,R0EB,,,Valentin Royer,R,188.0,FRA,24.728,60.0,897.0,6-2 7-5,3,R16,95.0,4.0,2.0,69.0,56.0,37.0,8.0,10.0,4.0,5.0,2.0,2.0,63.0,35.0,21.0,12.0,10.0,4.0,8.0
2026-451,Doha,Hard,32,500,O,20260218,18,S0AG,2.0,,Jannik Sinner,R,191.0,ITA,24.512,2.0,10300.0,P09Z,,,Alexei Popyrin,R,196.0,AUS,26.543,53.0,1000.0,6-3 7-5,3,R16,84.0,7.0,0.0,58.0,43.0,34.0,11.0,11.0,0.0,0.0,4.0,0.0,51.0,33.0,24.0,12.0,10.0,1.0,3.0
2026-451,Doha,Hard,32,500,O,20260218,19,TE51,,,Stefanos Tsitsipas,R,193.0,GRE,27.524,33.0,1485.0,MM58,4,,Daniil Medvedev,R,198.0,RUS,30.023,11.0,3010.0,6-3 6-4,3,R16,76.0,4.0,1.0,60.0,45.0,36.0,8.0,10.0,0.0,0.0,3.0,4.0,60.0,39.0,27.0,10.0,9.0,5.0,7.0
2026-451,Doha,Hard,32,500,O,20260218,20,RE44,5.0,,Andrey Rublev,R,188.0,RUS,28.334,14.0,2510.0,M0CI,,,Fabian Marozsan,R,193.0,HUN,26.368,48.0,1040.0,6-2 6-4,3,R16,67.0,6.0,0.0,47.0,25.0,22.0,15.0,9.0,0.0,0.0,4.0,4.0,58.0,32.0,17.0,16.0,9.0,2.0,5.0
2026-451,Doha,Hard,32,500,O,20260218,21,M0NI,6.0,,Jakub Mensik,R,196.0,CZE,20.468,16.0,2425.0,Z371,,,Zhizhen Zhang,R,193.0,CHN,29.344,319.0,155.0,6-3 6-2,3,R16,66.0,7.0,1.0,47.0,30.0,24.0,12.0,9.0,0.0,0.0,2.0,3.0,57.0,34.0,21.0,10.0,8.0,9.0,12.0
2026-451,Doha,Hard,32,500,O,20260218,22,KE29,7.0,,Karen Khachanov,R,198.0,RUS,29.749,17.0,2360.0,F724,,,Marton Fucsovics,R,188.0,HUN,34.031,61.0,891.0,6-2 4-6 6-4,3,R16,121.0,7.0,1.0,77.0,55.0,46.0,10.0,14.0,5.0,6.0,6.0,2.0,85.0,53.0,39.0,15.0,14.0,3.0,6.0
2026-451,Doha,Hard,32,500,O,20260218,23,L0BV,8.0,,Jiri Lehecka,R,185.0,CZE,24.282,22.0,1860.0,BU13,,,Zizou Bergs,R,185.0,BEL,26.716,44.0,1080.0,6-2 6-1,3,R16,69.0,9.0,1.0,49.0,28.0,24.0,10.0,8.0,3.0,3.0,2.0,4.0,35.0,20.0,11.0,3.0,7.0,0.0,4.0
2026-451,Doha,Hard,32,500,O,20260218,24,F0F1,,,Arthur Fils,R,185.0,FRA,21.689,40.0,1110.0,HB64,,,Quentin Halys,R,191.0,FRA,29.317,72.0,762.0,6-1 7-6(7),3,R16,89.0,5.0,2.0,62.0,42.0,31.0,14.0,10.0,5.0,6.0,5.0,1.0,70.0,38.0,23.0,17.0,9.0,4.0,7.0
2026-499,Delray Beach,Hard,28,250,O,20260218,6,KI95,,,Miomir Kecmanovic,R,183.0,SRB,26.47,83.0,670.0,B0GG,,,Mattia Bellucci,L,175.0,ITA,24.717,109.0,553.0,6-1 6-4,3,R32,62.0,3.0,1.0,42.0,27.0,23.0,13.0,9.0,0.0,0.0,3.0,3.0,49.0,29.0,18.0,8.0,8.0,1.0,4.0
2026-499,Delray Beach,Hard,28,250,O,20260218,7,N0AE,7.0,,Brandon Nakashima,R,188.0,USA,24.545,29.0,1535.0,C977,,,Marin Cilic,R,198.0,CRO,37.391,43.0,1090.0,7-6(4) 7-6(5),3,R32,132.0,13.0,0.0,87.0,56.0,47.0,17.0,12.0,1.0,1.0,8.0,1.0,89.0,58.0,47.0,15.0,12.0,2.0,2.0
2026-499,Delray Beach,Hard,28,250,O,20260218,8,J0DZ,,,Rafael Jodar,R,191.0,ESP,19.422,118.0,523.0,Q02L,,,Ethan Quinn,R,191.0,USA,21.938,70.0,776.0,6-2 6-3,3,R32,78.0,2.0,2.0,51.0,30.0,18.0,13.0,8.0,1.0,3.0,4.0,3.0,64.0,44.0,27.0,4.0,9.0,4.0,10.0
2026-499,Delray Beach,Hard,28,250,O,20260218,9,K0AH,,,Sebastian Korda,R,196.0,USA,25.624,50.0,1020.0,MK66,,,Mackenzie McDonald,R,178.0,USA,30.845,116.0,535.0,6-4 7-5,3,R32,88.0,14.0,0.0,58.0,44.0,38.0,8.0,11.0,2.0,2.0,2.0,3.0,73.0,47.0,30.0,16.0,11.0,1.0,3.0
2026-499,Delray Beach,Hard,28,250,O,20260218,10,S0K7,,,Zachary Svajda,R,175.0,USA,23.222,106.0,563.0,K0AZ,,,Aleksandar Kovacevic,R,183.0,USA,27.474,75.0,746.0,7-6(4) 6-3,3,R32,88.0,17.0,2.0,91.0,54.0,46.0,18.0,11.0,9.0,9.0,14.0,4.0,54.0,31.0,29.0,12.0,10.0,2.0,3.0
2026-499,Delray Beach,Hard,28,250,O,20260218,11,W09E,,,Adam Walton,R,183.0,AUS,26.842,93.0,643.0,D0F6,,,Gabriel Diallo,R,203.0,CAN,24.402,39.0,1175.0,7-6(4) 6-3,3,R32,90.0,5.0,0.0,71.0,54.0,40.0,10.0,11.0,1.0,1.0,4.0,1.0,58.0,44.0,32.0,7.0,10.0,0.0,1.0
2026-499,Delray Beach,Hard,28,250,O,20260218,12,PL56,5.0,,Tommy Paul,R,185.0,USA,28.758,24.0,1700.0,MW02,,,Corentin Moutet,L,180.0,FRA,26.836,34.0,1383.0,4-6 6-3 6-4,3,R32,150.0,11.0,2.0,82.0,56.0,45.0,12.0,15.0,2.0,5.0,4.0,6.0,111.0,72.0,44.0,20.0,14.0,17.0,21.0
2026-499,Delray Beach,Hard,28,250,O,20260218,13,W0BH,,,Coleman Wong,R,191.0,HKG,21.706,137.0,458.0,N0AE,7,,Brandon Nakashima,R,188.0,USA,24.548,29.0,1535.0,6-4 7-6(4),3,R16,88.0,13.0,0.0,64.0,38.0,32.0,14.0,11.0,2.0,3.0,11.0,0.0,63.0,46.0,33.0,9.0,11.0,2.0,4.0
2026-499,Delray Beach,Hard,28,250,O,20260218,14,C0E9,3.0,,Flavio Cobolli,R,183.0,ITA,23.792,20.0,1955.0,A0GC,,,Terence Atmane,L,193.0,FRA,24.112,66.0,833.0,7-5 6-4,3,R16,101.0,9.0,2.0,67.0,37.0,32.0,15.0,11.0,1.0,2.0,9.0,4.0,72.0,38.0,26.0,16.0,11.0,4.0,7.0
2026-6932,Rio de Janeiro,Clay,32,500,O,20260218,7,F0FV,3.0,,Joao Fonseca,R,188.0,BRA,19.496,38.0,1190.0,MJ08,,,Thiago Monteiro,L,183.0,BRA,31.721,208.0,290.0,7-6(1) 6-1,3,R32,94.0,7.0,1.0,60.0,43.0,36.0,10.0,10.0,0.0,0.0,9.0,2.0,61.0,42.0,31.0,5.0,9.0,3.0,5.0
2026-6932,Rio de Janeiro,Clay,32,500,O,20260218,8,C0AU,1.0,,Francisco Cerundolo,R,185.0,ARG,27.518,19.0,2220.0,N0BS,,,Mariano Navone,R,178.0,ARG,24.975,74.0,750.0,6-3 6-4,3,R32,91.0,1.0,2.0,68.0,43.0,31.0,12.0,10.0,10.0,12.0,0.0,2.0,50.0,33.0,22.0,5.0,9.0,1.0,5.0
2026-6932,Rio de Janeiro,Clay,32,500,O,20260218,9,C0C8,,,Juan Manuel Cerundolo,L,183.0,ARG,24.26,78.0,706.0,D0FJ,2,,Luciano Darderi,R,183.0,ITA,24.011,21.0,1904.0,6-1 3-6 6-4,3,R32,137.0,4.0,2.0,90.0,66.0,44.0,13.0,13.0,6.0,8.0,1.0,2.0,76.0,47.0,34.0,11.0,13.0,7.0,11.0
2026-6932,Rio de Janeiro,Clay,32,500,O,20260218,10,B0FV,,,Roman Andres Burruchaga,R,183.0,ARG,24.071,102.0,580.0,U182,5,,Camilo Ugo Carabelli,R,185.0,ARG,26.675,46.0,1068.0,6-3 6-4,3,R32,96.0,5.0,3.0,63.0,44.0,34.0,11.0,10.0,3.0,3.0,2.0,4.0,64.0,32.0,19.0,19.0,9.0,1.0,3.0
2026-6932,Rio de Janeiro,Clay,32,500,O,20260218,11,EA24,8.0,,Tomas Martin Etcheverry,R,196.0,ARG,26.59,51.0,1020.0,C0DF,,,Francisco Comesana,R,178.0,ARG,25.369,63.0,869.0,3-6 6-3 6-4,3,R32,156.0,6.0,2.0,81.0,54.0,39.0,17.0,14.0,3.0,4.0,8.0,4.0,80.0,51.0,41.0,15.0,14.0,3.0,5.0
2026-6932,Rio de Janeiro,Clay,32,500,O,20260218,12,BK40,,,Matteo Berrettini,R,196.0,ITA,29.854,57.0,910.0,BS86,,,Tomas Barrios Vera,R,191.0,CHI,28.192,107.0,563.0,7-6(1) 7-5,3,R32,145.0,6.0,2.0,75.0,48.0,38.0,18.0,12.0,5.0,5.0,3.0,0.0,88.0,68.0,43.0,12.0,12.0,5.0,6.0
2026-6932,Rio de Janeiro,Clay,32,500,O,20260218,13,P0CT,,,Francesco Passaro,R,180.0,ITA,25.114,163.0,376.0,P0HW,,,Dino Prizmic,R,188.0,CRO,20.539,122.0,507.0,6-3 6-4,3,R32,106.0,3.0,0.0,55.0,32.0,25.0,12.0,9.0,3.0,4.0,2.0,3.0,71.0,39.0,24.0,16.0,10.0,9.0,13.0
2026-6932,Rio de Janeiro,Clay,32,500,O,20260218,15,F0F2,,,Jaime Faria,R,188.0,POR,22.538,147.0,425.0,B0BI,4,,Sebastian Baez,R,170.0,ARG,25.142,32.0,1495.0,7-5 6-1,3,R32,95.0,2.0,2.0,54.0,35.0,28.0,8.0,10.0,1.0,3.0,2.0,5.0,68.0,47.0,29.0,3.0,9.0,6.0,11.0
2026-6932,Rio de Janeiro,Clay,32,500,O,20260218,16,D923,,,Damir Dzumhur,R,175.0,BIH,33.749,62.0,877.0,MO44,,,Pedro Martinez,R,185.0,ESP,28.816,101.0,586.0,0-6 7-6(5) 6-4,3,R32,159.0,1.0,0.0,91.0,65.0,37.0,10.0,14.0,6.0,12.0,4.0,4.0,81.0,52.0,34.0,14.0,14.0,1.0,5.0
2026-6932,Rio de Janeiro,Clay,32,500,O,20260218,17,G0FW,,,Vilius Gaubas,R,178.0,LTU,21.139,126.0,490.0,M0WY,,,Luis Guto Miguel,R,180.0,BRA,16.977,1593.0,3.0,6-3 2-6 6-2,3,R32,131.0,0.0,2.0,80.0,61.0,36.0,12.0,13.0,1.0,3.0,1.0,1.0,84.0,59.0,43.0,10.0,12.0,7.0,10.0
2026-6932,Rio de Janeiro,Clay,32,500,O,20260218,18,T0A1,,,Thiago Agustin Tirante,R,185.0,ARG,24.862,92.0,647.0,C0AU,1,,Francisco Cerundolo,R,185.0,ARG,27.521,19.0,2220.0,6-2 3-1 RET,3,R16,73.0,7.0,0.0,37.0,24.0,19.0,8.0,6.0,1.0,1.0,0.0,2.0,52.0,31.0,14.0,12.0,6.0,6.0,9.0
2026-6932,Rio de Janeiro,Clay,32,500,O,20260218,19,C0C8,,,Juan Manuel Cerundolo,L,183.0,ARG,24.263,78.0,706.0,H997,,,Yannick Hanfmann,R,193.0,GER,34.27,90.0,653.0,6-4 6-7(1) 6-4,3,R16,169.0,9.0,3.0,91.0,64.0,42.0,15.0,16.0,1.0,4.0,6.0,3.0,115.0,72.0,47.0,20.0,16.0,9.0,14.0
2026-6932,Rio de Janeiro,Clay,32,500,O,20260218,20,KI82,,,Vit Kopriva,R,178.0,CZE,28.682,87.0,660.0,B0FV,,,Roman Andres Burruchaga,R,183.0,ARG,24.074,102.0,580.0,6-3 6-1,3,R16,88.0,3.0,2.0,59.0,38.0,26.0,14.0,8.0,6.0,6.0,6.0,2.0,53.0,29.0,19.0,9.0,8.0,4.0,8.0
2026-451,Doha,Hard,32,500,O,20260219,25,F0F1,,,Arthur Fils,R,185.0,FRA,21.689,40.0,1110.0,L0BV,8,,Jiri Lehecka,R,185.0,CZE,24.282,22.0,1860.0,6-3 6-3,3,QF,89.0,3.0,0.0,67.0,46.0,32.0,8.0,9.0,4.0,6.0,2.0,2.0,69.0,45.0,23.0,10.0,9.0,5.0,10.0
2026-451,Doha,Hard,32,500,O,20260219,26,RE44,5.0,,Andrey Rublev,R,188.0,RUS,28.334,14.0,2510.0,TE51,,,Stefanos Tsitsipas,R,193.0,GRE,27.524,33.0,1485.0,6-3 7-6(2),3,QF,95.0,5.0,2.0,71.0,43.0,34.0,16.0,10.0,5.0,5.0,8.0,1.0,61.0,39.0,31.0,9.0,11.0,0.0,2.0
2026-451,Doha,Hard,32,500,O,20260219,27,A0E2,1.0,,Carlos Alcaraz,R,183.0,ESP,22.795,1.0,13150.0,KE29,7,,Karen Khachanov,R,198.0,RUS,29.749,17.0,2360.0,6-7(3) 6-4 6-3,3,QF,146.0,8.0,2.0,91.0,64.0,49.0,18.0,15.0,3.0,3.0,4.0,2.0,111.0,78.0,55.0,18.0,16.0,7.0,10.0
2026-451,Doha,Hard,32,500,O,20260219,28,M0NI,6.0,,Jakub Mensik,R,196.0,CZE,20.468,16.0,2425.0,S0AG,2,,Jannik Sinner,R,191.0,ITA,24.512,2.0,10300.0,7-6(3) 2-6 6-3,3,QF,131.0,11.0,4.0,85.0,60.0,49.0,9.0,14.0,5.0,7.0,6.0,1.0,90.0,57.0,41.0,21.0,15.0,2.0,4.0
2026-499,Delray Beach,Hard,28,250,O,20260219,15,RH16,2.0,,Casper Ruud,R,183.0,NOR,27.162,13.0,2625.0,GC88,,,Marcos Giron,R,180.0,USA,32.575,64.0,855.0,4-6 7-6(6) 6-4,3,R16,142.0,20.0,0.0,105.0,75.0,55.0,18.0,16.0,3.0,4.0,9.0,2.0,94.0,63.0,48.0,20.0,16.0,5.0,6.0
2026-499,Delray Beach,Hard,28,250,O,20260219,16,K0AH,,,Sebastian Korda,R,196.0,USA,25.626,50.0,1020.0,M0QI,,,Alex Michelsen,R,193.0,USA,21.487,41.0,1110.0,6-3 7-6(6),3,R16,106.0,10.0,2.0,70.0,44.0,34.0,12.0,10.0,5.0,7.0,7.0,2.0,85.0,66.0,42.0,9.0,11.0,9.0,13.0
2026-499,Delray Beach,Hard,28,250,O,20260219,17,T0HA,4.0,,Learner Tien,L,180.0,USA,20.216,23.0,1710.0,KI95,,,Miomir Kecmanovic,R,183.0,SRB,26.472,83.0,670.0,6-4 6-7(4) 7-6(5),3,R16,135.0,20.0,5.0,105.0,65.0,55.0,20.0,17.0,5.0,7.0,12.0,2.0,120.0,76.0,54.0,24.0,17.0,5.0,8.0
2026-6932,Rio de Janeiro,Clay,32,500,O,20260219,21,TE30,,,Alejandro Tabilo,L,188.0,CHI,28.717,68.0,808.0,P0CT,,,Francesco Passaro,R,180.0,ITA,25.117,163.0,376.0,4-6 7-6(0) 6-2,3,R16,141.0,4.0,0.0,78.0,50.0,43.0,15.0,15.0,4.0,6.0,4.0,1.0,96.0,68.0,43.0,15.0,15.0,5.0,8.0
2026-6932,Rio de Janeiro,Clay,32,500,O,20260219,22,F0F2,,,Jaime Faria,R,188.0,POR,22.541,147.0,425.0,D923,,,Damir Dzumhur,R,175.0,BIH,33.752,62.0,877.0,7-6(1) 6-4,3,R16,123.0,2.0,2.0,65.0,37.0,31.0,17.0,11.0,1.0,2.0,1.0,2.0,75.0,51.0,34.0,13.0,11.0,9.0,11.0
2026-451,Doha,Hard,32,500,O,20260220,29,A0E2,1.0,,Carlos Alcaraz,R,183.0,ESP,22.798,1.0,13150.0,RE44,5,,Andrey Rublev,R,188.0,RUS,28.337,14.0,2510.0,7-6(3) 6-4,3,SF,122.0,3.0,2.0,96.0,65.0,40.0,15.0,11.0,9.0,13.0,1.0,1.0,78.0,46.0,29.0,13.0,11.0,6.0,11.0
2026-451,Doha,Hard,32,500,O,20260220,30,F0F1,,,Arthur Fils,R,185.0,FRA,21.692,40.0,1110.0,M0NI,6,,Jakub Mensik,R,196.0,CZE,20.471,16.0,2425.0,6-4 7-6(4),3,SF,95.0,5.0,1.0,81.0,54.0,39.0,16.0,11.0,7.0,8.0,8.0,5.0,63.0,37.0,30.0,13.0,11.0,3.0,5.0
2026-499,Delray Beach,Hard,28,250,O,20260220,18,FB98,1.0,,Taylor Fritz,R,196.0,USA,28.315,8.0,4220.0,J0DZ,,,Rafael Jodar,R,191.0,ESP,19.428,118.0,523.0,7-6(4) 6-4,3,R16,106.0,15.0,0.0,68.0,49.0,41.0,8.0,11.0,2.0,3.0,3.0,0.0,94.0,67.0,41.0,15.0,11.0,6.0,8.0
2026-499,Delray Beach,Hard,28,250,O,20260220,19,PL56,5.0,,Tommy Paul,R,185.0,USA,28.764,24.0,1700.0,W09E,,,Adam Walton,R,183.0,AUS,26.847,93.0,643.0,7-6(11) 6-3,3,R16,97.0,10.0,2.0,69.0,42.0,34.0,16.0,11.0,0.0,1.0,7.0,0.0,76.0,56.0,33.0,13.0,10.0,6.0,8.0
2026-499,Delray Beach,Hard,28,250,O,20260220,20,TD51,8.0,,Frances Tiafoe,R,188.0,USA,28.085,28.0,1550.0,S0K7,,,Zachary Svajda,R,175.0,USA,23.228,106.0,563.0,6-4 3-6 7-5,3,R16,141.0,5.0,3.0,91.0,57.0,44.0,20.0,15.0,5.0,6.0,14.0,4.0,111.0,69.0,49.0,23.0,16.0,3.0,5.0
2026-499,Delray Beach,Hard,28,250,O,20260220,21,C0E9,3.0,,Flavio Cobolli,R,183.0,ITA,23.795,20.0,1955.0,W0BH,,,Coleman Wong,R,191.0,HKG,21.708,137.0,458.0,7-5 6-7(7) 6-2,3,QF,134.0,11.0,0.0,92.0,49.0,40.0,29.0,16.0,2.0,3.0,15.0,2.0,105.0,62.0,42.0,25.0,16.0,4.0,8.0
2026-6932,Rio de Janeiro,Clay,32,500,O,20260220,23,B0ID,,,Ignacio Buse,R,183.0,PER,21.908,91.0,648.0,F0FV,3,,Joao Fonseca,R,188.0,BRA,19.502,38.0,1190.0,5-7 6-3 6-4,3,R16,146.0,8.0,5.0,96.0,59.0,45.0,21.0,16.0,8.0,9.0,2.0,3.0,90.0,55.0,40.0,20.0,15.0,4.0,6.0
2026-6932,Rio de Janeiro,Clay,32,500,O,20260220,24,EA24,8.0,,Tomas Martin Etcheverry,R,196.0,ARG,26.595,51.0,1020.0,G0FW,,,Vilius Gaubas,R,178.0,LTU,21.144,126.0,490.0,7-6(1) 6-4,3,R16,127.0,7.0,0.0,67.0,47.0,32.0,12.0,11.0,0.0,2.0,1.0,3.0,74.0,60.0,36.0,5.0,11.0,2.0,5.0
2026-6932,Rio de Janeiro,Clay,32,500,O,20260220,25,BK40,,,Matteo Berrettini,R,196.0,ITA,29.859,57.0,910.0,L987,,,Dusan Lajovic,R,183.0,SRB,35.644,129.0,485.0,3-6 6-4 6-2,3,R16,129.0,7.0,3.0,78.0,56.0,44.0,9.0,13.0,4.0,6.0,6.0,0.0,89.0,64.0,41.0,13.0,14.0,4.0,8.0
2026-6932,Rio de Janeiro,Clay,32,500,O,20260220,26,KI82,,,Vit Kopriva,R,178.0,CZE,28.684,87.0,660.0,C0C8,,,Juan Manuel Cerundolo,L,183.0,ARG,24.266,78.0,706.0,6-4 6-4,3,QF,97.0,6.0,4.0,54.0,37.0,32.0,8.0,10.0,0.0,0.0,3.0,4.0,73.0,48.0,31.0,13.0,10.0,6.0,8.0
2026-451,Doha,Hard,32,500,O,20260221,31,A0E2,1.0,,Carlos Alcaraz,R,183.0,ESP,22.801,1.0,13150.0,F0F1,,,Arthur Fils,R,185.0,FRA,21.695,40.0,1110.0,6-2 6-1,3,F,50.0,5.0,1.0,33.0,27.0,24.0,4.0,7.0,0.0,0.0,0.0,0.0,43.0,31.0,14.0,5.0,8.0,2.0,7.0
2026-499,Delray Beach,Hard,28,250,O,20260221,22,PL56,5.0,,Tommy Paul,R,185.0,USA,28.767,24.0,1700.0,FB98,1,,Taylor Fritz,R,196.0,USA,28.318,8.0,4220.0,6-4 6-3,3,QF,76.0,6.0,0.0,56.0,41.0,34.0,7.0,9.0,3.0,3.0,10.0,3.0,70.0,52.0,34.0,6.0,10.0,8.0,11.0
2026-499,Delray Beach,Hard,28,250,O,20260221,23,K0AH,,,Sebastian Korda,R,196.0,USA,25.632,50.0,1020.0,RH16,2,,Casper Ruud,R,183.0,NOR,27.168,13.0,2625.0,4-6 6-2 6-2,3,QF,126.0,10.0,3.0,81.0,47.0,34.0,20.0,13.0,3.0,4.0,3.0,1.0,92.0,58.0,36.0,16.0,13.0,4.0,8.0
2026-499,Delray Beach,Hard,28,250,O,20260221,24,T0HA,4.0,,Learner Tien,L,180.0,USA,20.222,23.0,1710.0,TD51,8,,Frances Tiafoe,R,188.0,USA,28.088,28.0,1550.0,7-6(5) 3-6 7-5,3,QF,139.0,13.0,3.0,97.0,64.0,44.0,13.0,16.0,7.0,13.0,11.0,1.0,98.0,64.0,42.0,17.0,17.0,1.0,7.0
2026-6932,Rio de Janeiro,Clay,32,500,O,20260221,27,TE30,,,Alejandro Tabilo,L,188.0,CHI,28.723,68.0,808.0,T0A1,,,Thiago Agustin Tirante,R,185.0,ARG,24.868,92.0,647.0,7-6(2) 6-7(6) 6-1,3,QF,172.0,7.0,3.0,97.0,65.0,53.0,17.0,16.0,0.0,2.0,12.0,1.0,106.0,64.0,44.0,21.0,15.0,4.0,8.0
2026-6932,Rio de Janeiro,Clay,32,500,O,20260221,28,EA24,8.0,,Tomas Martin Etcheverry,R,196.0,ARG,26.598,51.0,1020.0,F0F2,,,Jaime Faria,R,188.0,POR,22.546,147.0,425.0,7-6(4) 6-4,3,QF,123.0,9.0,1.0,73.0,50.0,40.0,10.0,11.0,5.0,5.0,9.0,2.0,67.0,42.0,31.0,13.0,11.0,1.0,2.0
2026-6932,Rio de Janeiro,Clay,32,500,O,20260221,29,B0ID,,,Ignacio Buse,R,183.0,PER,21.911,91.0,648.0,BK40,,,Matteo Berrettini,R,196.0,ITA,29.862,57.0,910.0,6-3 2-6 6-3,3,QF,139.0,3.0,1.0,78.0,51.0,37.0,17.0,13.0,4.0,6.0,9.0,2.0,83.0,55.0,40.0,12.0,13.0,4.0,7.0
2026-499,Delray Beach,Hard,28,250,O,20260222,25,K0AH,,,Sebastian Korda,R,196.0,USA,25.634,50.0,1020.0,C0E9,3,,Flavio Cobolli,R,183.0,ITA,23.8,20.0,1955.0,7-6(1) 6-1,3,SF,76.0,12.0,0.0,49.0,32.0,27.0,14.0,9.0,0.0,0.0,5.0,1.0,66.0,38.0,27.0,11.0,10.0,4.0,7.0
2026-499,Delray Beach,Hard,28,250,O,20260222,26,PL56,5.0,,Tommy Paul,R,185.0,USA,28.769,24.0,1700.0,T0HA,4,,Learner Tien,L,180.0,USA,20.225,23.0,1710.0,4-6 6-4 6-3,3,SF,134.0,15.0,2.0,114.0,70.0,50.0,23.0,15.0,7.0,8.0,5.0,2.0,96.0,51.0,40.0,20.0,14.0,3.0,5.0
2026-499,Delray Beach,Hard,28,250,O,20260222,27,K0AH,,,Sebastian Korda,R,196.0,USA,25.634,50.0,1020.0,PL56,5,,Tommy Paul,R,185.0,USA,28.769,24.0,1700.0,6-4 6-3,3,F,82.0,9.0,2.0,60.0,40.0,33.0,9.0,10.0,5.0,6.0,5.0,2.0,58.0,39.0,26.0,7.0,9.0,3.0,6.0
2026-6932,Rio de Janeiro,Clay,32,500,O,20260222,30,EA24,8.0,,Tomas Martin Etcheverry,R,196.0,ARG,26.601,51.0,1020.0,KI82,,,Vit Kopriva,R,178.0,CZE,28.69,87.0,660.0,4-6 7-6(2) 7-6(4),3,SF,237.0,9.0,2.0,107.0,62.0,52.0,25.0,17.0,0.0,1.0,8.0,3.0,118.0,75.0,59.0,22.0,17.0,4.0,4.0
2026-6932,Rio de Janeiro,Clay,32,500,O,20260222,31,TE30,,,Alejandro Tabilo,L,188.0,CHI,28.726,68.0,808.0,B0ID,,,Ignacio Buse,R,183.0,PER,21.914,91.0,648.0,6-3 6-3,3,SF,72.0,2.0,0.0,44.0,27.0,23.0,11.0,9.0,1.0,2.0,5.0,3.0,53.0,32.0,20.0,8.0,9.0,4.0,8.0
2026-495,Dubai,Hard,32,500,O,20260223,1,M0GZ,,,Giovanni Mpetshi Perricard,R,203.0,FRA,22.631,58.0,905.0,EA13,,,Moez Echargui,R,178.0,TUN,33.12,139.0,449.0,7-6(3) 6-7(3) 7-6(4),3,R32,155.0,29.0,2.0,112.0,85.0,66.0,17.0,18.0,3.0,4.0,16.0,2.0,111.0,65.0,52.0,30.0,18.0,1.0,2.0
2026-495,Dubai,Hard,32,500,O,20260223,2,W367,,,Stan Wawrinka,R,183.0,SUI,40.909,99.0,599.0,HG94,,,Benjamin Hassan,R,183.0,LBN,31.053,289.0,180.0,7-5 6-3,3,R32,71.0,9.0,2.0,61.0,32.0,28.0,19.0,11.0,3.0,3.0,5.0,2.0,59.0,41.0,29.0,8.0,10.0,1.0,3.0
2026-495,Dubai,Hard,32,500,O,20260223,3,AG37,1.0,,Felix Auger-Aliassime,R,193.0,CAN,25.544,8.0,4080.0,Z371,,,Zhizhen Zhang,R,193.0,CHN,29.355,263.0,205.0,6-3 7-6(4),3,R32,110.0,11.0,3.0,63.0,46.0,36.0,10.0,10.0,4.0,4.0,10.0,1.0,91.0,56.0,40.0,15.0,11.0,9.0,11.0
2026-495,Dubai,Hard,32,500,O,20260223,4,D0CO,4.0,,Jack Draper,L,193.0,GBR,24.172,15.0,2460.0,HB64,,,Quentin Halys,R,191.0,FRA,29.328,68.0,800.0,7-6(8) 6-3,3,R32,97.0,13.0,1.0,72.0,50.0,43.0,13.0,11.0,3.0,3.0,9.0,1.0,76.0,52.0,38.0,13.0,10.0,4.0,5.0
2026-6932,Rio de Janeiro,Clay,32,500,O,20260223,32,EA24,8.0,,Tomas Martin Etcheverry,R,196.0,ARG,26.604,51.0,1020.0,TE30,,,Alejandro Tabilo,L,188.0,CHI,28.728,68.0,808.0,3-6 7-6(3) 6-4,3,F,184.0,14.0,4.0,105.0,67.0,48.0,16.0,15.0,6.0,9.0,11.0,0.0,107.0,70.0,49.0,18.0,16.0,6.0,9.0
2026-8996,Santiago,Clay,28,250,O,20260223,1,H997,,,Yannick Hanfmann,R,193.0,GER,34.281,81.0,695.0,L987,,,Dusan Lajovic,R,183.0,SRB,35.652,116.0,541.0,6-0 6-3,3,R32,74.0,5.0,4.0,58.0,34.0,23.0,14.0,8.0,2.0,3.0,0.0,2.0,43.0,26.0,10.0,8.0,7.0,4.0,9.0
2026-8996,Santiago,Clay,28,250,O,20260223,2,PH64,,,Andrea Pellegrino,R,185.0,ITA,28.923,137.0,447.0,B0GY,,,Alex Barrena,R,175.0,ARG,23.373,183.0,336.0,6-2 2-6 6-1,3,R32,112.0,3.0,1.0,57.0,33.0,24.0,15.0,11.0,0.0,2.0,5.0,3.0,88.0,38.0,24.0,23.0,12.0,7.0,12.0
2026-495,Dubai,Hard,32,500,O,20260224,5,B0CD,,,Jenson Brooksby,R,193.0,USA,25.331,49.0,1042.0,BU13,,,Zizou Bergs,R,185.0,BEL,26.73,46.0,1080.0,6-3 6-4,3,R32,94.0,3.0,3.0,63.0,34.0,29.0,15.0,10.0,1.0,1.0,4.0,4.0,58.0,30.0,22.0,14.0,9.0,3.0,5.0
2026-495,Dubai,Hard,32,500,O,20260224,6,MM58,3.0,,Daniil Medvedev,R,198.0,RUS,30.037,11.0,2960.0,S0RE,,,Juncheng Shang,L,180.0,CHN,21.06,262.0,205.0,6-1 6-3,3,R32,66.0,10.0,3.0,49.0,36.0,29.0,6.0,8.0,3.0,3.0,0.0,0.0,48.0,33.0,17.0,7.0,8.0,1.0,5.0
2026-495,Dubai,Hard,32,500,O,20260224,7,CD85,,,Pablo Carreno Busta,R,188.0,ESP,34.623,124.0,516.0,SU55,,,Denis Shapovalov,L,185.0,CAN,26.864,36.0,1350.0,6-2 6-4,3,R32,77.0,0.0,2.0,65.0,45.0,28.0,12.0,9.0,7.0,9.0,8.0,4.0,54.0,29.0,18.0,9.0,9.0,4.0,9.0
2026-495,Dubai,Hard,32,500,O,20260224,8,BK92,2.0,,Alexander Bublik,R,196.0,KAZ,28.69,10.0,3405.0,SL28,,,Jan-Lennard Struff,R,193.0,GER,35.836,80.0,706.0,6-3 6-4,3,R32,65.0,12.0,2.0,52.0,35.0,29.0,10.0,9.0,3.0,3.0,9.0,2.0,58.0,44.0,30.0,6.0,10.0,0.0,3.0
2026-495,Dubai,Hard,32,500,O,20260224,9,KE29,7.0,,Karen Khachanov,R,198.0,RUS,29.763,16.0,2450.0,S0H2,,,Alexander Shevchenko,R,188.0,KAZ,25.238,92.0,656.0,6-7(5) 6-2 6-3,3,R32,132.0,4.0,3.0,97.0,63.0,49.0,21.0,15.0,5.0,5.0,12.0,3.0,88.0,50.0,35.0,23.0,14.0,4.0,7.0
2026-495,Dubai,Hard,32,500,O,20260224,10,L0BV,8.0,,Jiri Lehecka,R,185.0,CZE,24.296,24.0,1760.0,N0BG,,,Luca Nardi,R,185.0,ITA,22.554,109.0,554.0,4-6 6-4 6-2,3,R32,122.0,5.0,2.0,84.0,51.0,38.0,19.0,14.0,4.0,5.0,4.0,0.0,86.0,60.0,39.0,16.0,14.0,10.0,13.0
2026-495,Dubai,Hard,32,500,O,20260224,11,GJ37,,,Tallon Griekspoor,R,188.0,NED,29.648,25.0,1655.0,V0AM,,,Otto Virtanen,R,193.0,FIN,24.679,131.0,475.0,6-3 6-4,3,R32,74.0,6.0,2.0,59.0,35.0,28.0,16.0,10.0,0.0,0.0,10.0,0.0,50.0,28.0,21.0,9.0,9.0,0.0,2.0
2026-495,Dubai,Hard,32,500,O,20260224,12,HH26,,,Ugo Humbert,L,188.0,FRA,27.666,37.0,1285.0,TE51,,,Stefanos Tsitsipas,R,193.0,GRE,27.537,30.0,1535.0,6-4 7-5,3,R32,85.0,7.0,1.0,64.0,48.0,37.0,11.0,11.0,3.0,3.0,6.0,2.0,56.0,36.0,31.0,9.0,11.0,3.0,5.0
2026-495,Dubai,Hard,32,500,O,20260224,13,RC91,,,Arthur Rinderknech,R,196.0,FRA,30.593,31.0,1530.0,M0CI,,,Fabian Marozsan,R,193.0,HUN,26.382,50.0,1040.0,3-6 6-3 6-4,3,R32,113.0,13.0,0.0,79.0,58.0,45.0,10.0,14.0,0.0,1.0,7.0,2.0,90.0,52.0,38.0,19.0,14.0,5.0,7.0
2026-495,Dubai,Hard,32,500,O,20260224,14,RE44,5.0,,Andrey Rublev,R,188.0,RUS,28.348,18.0,2210.0,R0EB,,,Valentin Royer,R,188.0,FRA,24.742,54.0,935.0,6-3 6-4,3,R32,89.0,9.0,2.0,58.0,36.0,29.0,12.0,9.0,2.0,2.0,5.0,1.0,72.0,45.0,24.0,16.0,10.0,13.0,16.0
2026-495,Dubai,Hard,32,500,O,20260224,15,M0NI,6.0,,Jakub Mensik,R,196.0,CZE,20.482,13.0,2595.0,HB71,,,Hubert Hurkacz,R,196.0,POL,29.035,73.0,775.0,6-4 7-6(7),3,R32,88.0,11.0,3.0,64.0,37.0,36.0,15.0,11.0,0.0,0.0,10.0,2.0,73.0,49.0,39.0,11.0,11.0,2.0,3.0
2026-495,Dubai,Hard,32,500,O,20260224,16,P09Z,,,Alexei Popyrin,R,196.0,AUS,26.557,47.0,1050.0,MQ75,,,Kamil Majchrzak,R,183.0,POL,30.116,56.0,920.0,3-6 6-3 7-5,3,R32,112.0,10.0,0.0,75.0,54.0,42.0,13.0,15.0,0.0,2.0,4.0,2.0,81.0,42.0,34.0,18.0,15.0,2.0,5.0
2026-807,Acapulco,Hard,32,500,O,20260224,1,J0DZ,,,Rafael Jodar,R,191.0,ESP,19.439,114.0,548.0,N771,7,,Cameron Norrie,L,188.0,GBR,30.508,26.0,1603.0,6-3 6-2,3,R32,55.0,5.0,0.0,44.0,31.0,25.0,11.0,9.0,0.0,0.0,2.0,1.0,40.0,33.0,20.0,3.0,8.0,2.0,5.0
2026-807,Acapulco,Hard,32,500,O,20260224,2,K0A3,,,Patrick Kypson,R,188.0,USA,26.327,103.0,565.0,DH58,2,,Alex de Minaur,R,183.0,AUS,27.019,6.0,4235.0,6-1 6-7(4) 7-6(4),3,R32,159.0,8.0,1.0,99.0,68.0,48.0,22.0,16.0,0.0,1.0,10.0,2.0,95.0,56.0,40.0,21.0,15.0,2.0,5.0
2026-807,Acapulco,Hard,32,500,O,20260224,3,DH50,4.0,,Alejandro Davidovich Fokina,R,180.0,ESP,26.724,14.0,2470.0,AE14,,,Daniel Altmaier,R,188.0,GER,27.452,53.0,961.0,7-5 6-3,3,R32,94.0,1.0,0.0,59.0,45.0,33.0,7.0,10.0,2.0,3.0,8.0,1.0,63.0,37.0,28.0,8.0,11.0,3.0,7.0
2026-807,Acapulco,Hard,32,500,O,20260224,4,VA25,6.0,,Valentin Vacherot,R,193.0,MON,27.274,27.0,1591.0,W0BH,,,Coleman Wong,R,191.0,HKG,21.719,125.0,515.0,4-6 6-3 6-2,3,R32,117.0,13.0,1.0,81.0,54.0,42.0,13.0,14.0,0.0,1.0,7.0,2.0,86.0,56.0,35.0,19.0,13.0,7.0,10.0
2026-807,Acapulco,Hard,32,500,O,20260224,5,KI95,,,Miomir Kecmanovic,R,183.0,SRB,26.486,84.0,685.0,S0N0,,,Tristan Schoolkate,R,183.0,AUS,24.994,108.0,556.0,6-2 6-2,3,R32,63.0,7.0,2.0,49.0,34.0,29.0,7.0,8.0,4.0,4.0,4.0,3.0,52.0,35.0,21.0,5.0,8.0,2.0,6.0
2026-807,Acapulco,Hard,32,500,O,20260224,6,K0AZ,,,Aleksandar Kovacevic,R,183.0,USA,27.491,75.0,746.0,W09E,,,Adam Walton,R,183.0,AUS,26.858,87.0,669.0,7-6(1) 7-6(3),3,R32,118.0,15.0,3.0,83.0,51.0,39.0,19.0,12.0,5.0,6.0,6.0,1.0,86.0,57.0,40.0,15.0,12.0,6.0,7.0
2026-807,Acapulco,Hard,32,500,O,20260224,7,N0AE,,,Brandon Nakashima,R,188.0,USA,24.561,29.0,1535.0,Y218,,,Elias Ymer,R,185.0,SWE,29.875,190.0,328.0,6-3 6-4,3,R32,79.0,5.0,1.0,57.0,36.0,29.0,13.0,10.0,1.0,1.0,7.0,0.0,52.0,38.0,26.0,9.0,9.0,3.0,5.0
2026-8996,Santiago,Clay,28,250,O,20260224,3,P0HW,,,Dino Prizmic,R,188.0,CRO,20.556,120.0,529.0,J551,,,Nicolas Jarry,R,201.0,CHI,30.374,155.0,391.0,6-3 5-7 6-2,3,R32,157.0,7.0,4.0,86.0,47.0,33.0,23.0,15.0,1.0,4.0,4.0,3.0,89.0,61.0,37.0,14.0,14.0,8.0,13.0
2026-8996,Santiago,Clay,28,250,O,20260224,4,C0DF,7.0,,Francisco Comesana,R,178.0,ARG,25.385,82.0,694.0,MO44,,,Pedro Martinez,R,185.0,ESP,28.832,101.0,586.0,6-4 2-6 7-6(4),3,R32,171.0,12.0,7.0,87.0,57.0,39.0,14.0,15.0,0.0,4.0,1.0,4.0,99.0,60.0,43.0,19.0,15.0,5.0,8.0
2026-8996,Santiago,Clay,28,250,O,20260224,5,G0FW,,,Vilius Gaubas,R,178.0,LTU,21.155,107.0,558.0,S0EK,,,Matias Soto,R,170.0,CHI,26.831,316.0,157.0,6-2 6-3,3,R32,95.0,5.0,0.0,58.0,45.0,30.0,9.0,9.0,2.0,3.0,1.0,6.0,65.0,28.0,14.0,18.0,8.0,4.0,8.0
2026-8996,Santiago,Clay,28,250,O,20260224,6,M0K4,,,Elmer Moller,R,183.0,DEN,22.631,127.0,509.0,B0FV,,,Roman Andres Burruchaga,R,183.0,ARG,24.088,96.0,617.0,7-6(4) 0-6 6-4,3,R32,145.0,2.0,13.0,96.0,54.0,27.0,21.0,14.0,7.0,15.0,4.0,5.0,98.0,62.0,38.0,17.0,14.0,5.0,11.0
2026-495,Dubai,Hard,32,500,O,20260225,17,MM58,3.0,,Daniil Medvedev,R,198.0,RUS,30.04,11.0,2960.0,W367,,,Stan Wawrinka,R,183.0,SUI,40.914,99.0,599.0,6-2 6-3,3,R16,73.0,7.0,1.0,43.0,32.0,24.0,3.0,8.0,1.0,3.0,3.0,2.0,67.0,34.0,20.0,10.0,9.0,6.0,12.0
2026-495,Dubai,Hard,32,500,O,20260225,18,M0NI,6.0,,Jakub Mensik,R,196.0,CZE,20.485,13.0,2595.0,P09Z,,,Alexei Popyrin,R,196.0,AUS,26.56,47.0,1050.0,6-3 6-2,3,R16,64.0,7.0,2.0,49.0,29.0,24.0,12.0,9.0,0.0,0.0,4.0,0.0,46.0,28.0,17.0,8.0,8.0,2.0,5.0
2026-495,Dubai,Hard,32,500,O,20260225,19,AG37,1.0,,Felix Auger-Aliassime,R,193.0,CAN,25.55,8.0,4080.0,M0GZ,,,Giovanni Mpetshi Perricard,R,203.0,FRA,22.637,58.0,905.0,6-4 6-4,3,R16,81.0,8.0,3.0,49.0,35.0,29.0,9.0,10.0,2.0,3.0,11.0,1.0,61.0,41.0,28.0,8.0,10.0,2.0,5.0
2026-495,Dubai,Hard,32,500,O,20260225,20,GJ37,,,Tallon Griekspoor,R,188.0,NED,29.651,25.0,1655.0,BK92,2,,Alexander Bublik,R,196.0,KAZ,28.693,10.0,3405.0,6-3 7-6(4),3,R16,81.0,14.0,0.0,61.0,40.0,35.0,15.0,11.0,3.0,3.0,12.0,2.0,64.0,42.0,31.0,12.0,10.0,2.0,3.0
2026-495,Dubai,Hard,32,500,O,20260225,21,B0CD,,,Jenson Brooksby,R,193.0,USA,25.333,49.0,1042.0,KE29,7,,Karen Khachanov,R,198.0,RUS,29.766,16.0,2450.0,7-6(6) 6-4,3,R16,103.0,4.0,1.0,74.0,48.0,36.0,19.0,11.0,0.0,0.0,7.0,1.0,65.0,47.0,37.0,10.0,11.0,0.0,1.0
2026-495,Dubai,Hard,32,500,O,20260225,22,L0BV,8.0,,Jiri Lehecka,R,185.0,CZE,24.298,24.0,1760.0,CD85,,,Pablo Carreno Busta,R,188.0,ESP,34.626,124.0,516.0,7-6(6) 6-4,3,R16,111.0,16.0,2.0,85.0,54.0,40.0,16.0,11.0,8.0,10.0,5.0,0.0,67.0,45.0,27.0,14.0,11.0,2.0,5.0
2026-495,Dubai,Hard,32,500,O,20260225,23,RE44,5.0,,Andrey Rublev,R,188.0,RUS,28.35,18.0,2210.0,HH26,,,Ugo Humbert,L,188.0,FRA,27.669,37.0,1285.0,6-4 6-7(5) 6-3,3,R16,143.0,15.0,7.0,98.0,63.0,55.0,17.0,16.0,4.0,4.0,17.0,4.0,103.0,62.0,48.0,20.0,15.0,7.0,9.0
2026-807,Acapulco,Hard,32,500,O,20260225,8,MC65,,,Gael Monfils,R,193.0,FRA,39.485,170.0,360.0,D923,,,Damir Dzumhur,R,175.0,BIH,33.769,60.0,877.0,6-4 7-6(5),3,R32,112.0,8.0,8.0,70.0,38.0,29.0,14.0,11.0,3.0,6.0,0.0,2.0,82.0,48.0,28.0,14.0,11.0,6.0,10.0
2026-807,Acapulco,Hard,32,500,O,20260225,9,Z355,1.0,,Alexander Zverev,R,198.0,GER,28.851,4.0,4555.0,MW02,,,Corentin Moutet,L,180.0,FRA,26.856,35.0,1383.0,6-2 6-4,3,R32,91.0,7.0,0.0,48.0,38.0,30.0,6.0,9.0,0.0,0.0,2.0,1.0,64.0,43.0,25.0,12.0,9.0,4.0,7.0
2026-807,Acapulco,Hard,32,500,O,20260225,10,WB32,,,Yibing Wu,R,183.0,CHN,26.368,142.0,434.0,RH16,3,,Casper Ruud,R,183.0,NOR,27.179,12.0,2665.0,7-6(2) 7-6(1),3,R32,125.0,6.0,0.0,79.0,49.0,37.0,20.0,12.0,4.0,5.0,12.0,3.0,81.0,55.0,40.0,14.0,12.0,6.0,7.0
2026-807,Acapulco,Hard,32,500,O,20260225,11,C0E9,5.0,,Flavio Cobolli,R,183.0,ITA,23.808,20.0,2030.0,P0J1,,,Rodrigo Pacheco Mendez,L,191.0,MEX,20.838,218.0,270.0,7-6(3) 7-6(3),3,R32,118.0,10.0,6.0,79.0,37.0,32.0,22.0,12.0,2.0,5.0,5.0,1.0,79.0,54.0,36.0,14.0,12.0,6.0,9.0
2026-807,Acapulco,Hard,32,500,O,20260225,12,TD51,8.0,,Frances Tiafoe,R,188.0,USA,28.099,28.0,1590.0,BT72,,,Nuno Borges,R,185.0,POR,29.016,48.0,1045.0,6-4 6-4,3,R32,90.0,4.0,0.0,61.0,40.0,29.0,14.0,10.0,4.0,5.0,12.0,2.0,66.0,40.0,28.0,11.0,10.0,4.0,7.0
2026-807,Acapulco,Hard,32,500,O,20260225,13,A0GC,,,Terence Atmane,L,193.0,FRA,24.129,63.0,858.0,D875,,,Grigor Dimitrov,R,191.0,BUL,34.782,44.0,1105.0,6-3 6-3,3,R32,82.0,5.0,0.0,50.0,35.0,29.0,8.0,9.0,2.0,2.0,4.0,4.0,63.0,40.0,31.0,6.0,9.0,6.0,9.0
2026-807,Acapulco,Hard,32,500,O,20260225,14,B0GG,,,Mattia Bellucci,L,175.0,ITA,24.736,110.0,553.0,H0BH,,,Rinky Hijikata,R,178.0,AUS,25.005,115.0,547.0,7-6(5) 6-3,3,R32,124.0,6.0,2.0,64.0,34.0,24.0,13.0,10.0,3.0,7.0,1.0,5.0,81.0,39.0,28.0,12.0,11.0,4.0,10.0
2026-807,Acapulco,Hard,32,500,O,20260225,15,SY67,,,Sho Shimabukuro,R,180.0,JPN,28.575,130.0,479.0,ME82,,,Adrian Mannarino,L,180.0,FRA,37.659,51.0,1025.0,6-3 6-4,3,R32,78.0,3.0,2.0,57.0,36.0,25.0,15.0,10.0,2.0,3.0,5.0,4.0,55.0,30.0,22.0,11.0,9.0,2.0,5.0
2026-807,Acapulco,Hard,32,500,O,20260225,16,S0GD,,,Dalibor Svrcina,R,178.0,CZE,23.4,123.0,519.0,D994,,,James Duckworth,R,183.0,AUS,34.097,83.0,691.0,6-4 6-1,3,R32,92.0,2.0,3.0,48.0,26.0,21.0,11.0,8.0,1.0,2.0,5.0,10.0,77.0,38.0,23.0,15.0,9.0,5.0,10.0
2026-8996,Santiago,Clay,28,250,O,20260225,7,TE30,8.0,,Alejandro Tabilo,L,188.0,CHI,28.734,42.0,1113.0,BS86,,,Tomas Barrios Vera,R,191.0,CHI,28.211,112.0,551.0,7-5 6-3,3,R32,99.0,7.0,0.0,59.0,45.0,34.0,9.0,11.0,2.0,3.0,2.0,4.0,71.0,42.0,25.0,15.0,10.0,5.0,8.0
2026-8996,Santiago,Clay,28,250,O,20260225,8,N0AM,,,Emilio Nava,R,185.0,USA,24.233,79.0,710.0,BK40,6,,Matteo Berrettini,R,196.0,ITA,29.873,57.0,910.0,6-3 6-4,3,R32,86.0,4.0,4.0,63.0,38.0,32.0,13.0,10.0,3.0,3.0,3.0,2.0,50.0,37.0,27.0,6.0,9.0,2.0,4.0
2026-8996,Santiago,Clay,28,250,O,20260225,9,GD64,,,Cristian Garin,R,185.0,CHI,29.741,93.0,656.0,C0C8,,,Juan Manuel Cerundolo,L,183.0,ARG,24.279,70.0,781.0,3-6 6-3 6-3,3,R32,141.0,2.0,6.0,92.0,53.0,34.0,16.0,14.0,5.0,10.0,2.0,2.0,73.0,48.0,26.0,13.0,13.0,7.0,13.0
2026-8996,Santiago,Clay,28,250,O,20260225,10,N0BS,,,Mariano Navone,R,178.0,ARG,24.994,77.0,725.0,KI82,,,Vit Kopriva,R,178.0,CZE,28.698,65.0,848.0,3-6 6-0 3-1 RET,3,R32,90.0,0.0,4.0,50.0,31.0,20.0,12.0,10.0,1.0,4.0,1.0,7.0,62.0,32.0,20.0,11.0,9.0,6.0,11.0
2026-8996,Santiago,Clay,28,250,O,20260225,11,T0A1,,,Thiago Agustin Tirante,R,185.0,ARG,24.879,76.0,739.0,B0ID,,,Ignacio Buse,R,183.0,PER,21.922,66.0,848.0,2-6 7-6(0) 7-6(2),3,R32,174.0,13.0,6.0,102.0,61.0,44.0,19.0,16.0,2.0,7.0,5.0,6.0,111.0,62.0,44.0,24.0,16.0,8.0,11.0
2026-8996,Santiago,Clay,28,250,O,20260225,12,V0DP,,,Adolfo Daniel Vallejo,R,183.0,PAR,21.829,106.0,561.0,P0CT,,,Francesco Passaro,R,180.0,ITA,25.133,144.0,431.0,6-3 3-3 RET,3,R32,57.0,2.0,1.0,39.0,24.0,18.0,7.0,7.0,3.0,5.0,2.0,3.0,52.0,37.0,19.0,6.0,8.0,5.0,9.0
2026-8996,Santiago,Clay,28,250,O,20260225,13,H997,,,Yannick Hanfmann,R,193.0,GER,34.286,81.0,695.0,U182,4,,Camilo Ugo Carabelli,R,185.0,ARG,26.694,59.0,880.0,6-4 6-3,3,R16,96.0,5.0,1.0,63.0,37.0,26.0,15.0,10.0,0.0,1.0,4.0,7.0,71.0,48.0,31.0,9.0,9.0,4.0,7.0
2026-495,Dubai,Hard,32,500,O,20260226,24,RC91,,,Arthur Rinderknech,R,196.0,FRA,30.598,31.0,1530.0,D0CO,4,,Jack Draper,L,193.0,GBR,24.181,15.0,2460.0,7-5 6-7(4) 6-4,3,R16,146.0,20.0,0.0,108.0,77.0,65.0,13.0,17.0,2.0,2.0,11.0,3.0,99.0,65.0,52.0,22.0,17.0,4.0,6.0
2026-495,Dubai,Hard,32,500,O,20260226,25,MM58,3.0,,Daniil Medvedev,R,198.0,RUS,30.042,11.0,2960.0,B0CD,,,Jenson Brooksby,R,193.0,USA,25.336,49.0,1042.0,6-2 6-1,3,QF,56.0,7.0,0.0,42.0,35.0,27.0,4.0,7.0,0.0,0.0,0.0,2.0,46.0,36.0,17.0,4.0,8.0,6.0,11.0
2026-495,Dubai,Hard,32,500,O,20260226,26,RE44,5.0,,Andrey Rublev,R,188.0,RUS,28.353,18.0,2210.0,RC91,,,Arthur Rinderknech,R,196.0,FRA,30.598,31.0,1530.0,6-2 6-4,3,QF,75.0,5.0,1.0,51.0,29.0,23.0,12.0,9.0,1.0,2.0,7.0,3.0,60.0,32.0,19.0,11.0,9.0,3.0,7.0
2026-495,Dubai,Hard,32,500,O,20260226,27,AG37,1.0,,Felix Auger-Aliassime,R,193.0,CAN,25.552,8.0,4080.0,L0BV,8,,Jiri Lehecka,R,185.0,CZE,24.301,24.0,1760.0,6-3 7-6(2),3,QF,112.0,16.0,2.0,64.0,42.0,35.0,13.0,10.0,2.0,2.0,7.0,0.0,95.0,63.0,42.0,15.0,11.0,7.0,9.0
2026-495,Dubai,Hard,32,500,O,20260226,28,GJ37,,,Tallon Griekspoor,R,188.0,NED,29.654,25.0,1655.0,M0NI,6,,Jakub Mensik,R,196.0,CZE,20.487,13.0,2595.0,6-3 3-6 6-2,3,QF,102.0,6.0,3.0,69.0,41.0,34.0,16.0,13.0,0.0,1.0,16.0,1.0,70.0,47.0,32.0,12.0,13.0,0.0,3.0
2026-807,Acapulco,Hard,32,500,O,20260226,17,VA25,6.0,,Valentin Vacherot,R,193.0,MON,27.28,27.0,1591.0,MC65,,,Gael Monfils,R,193.0,FRA,39.488,170.0,360.0,6-3 6-3,3,R16,68.0,8.0,1.0,48.0,32.0,29.0,9.0,9.0,0.0,0.0,5.0,3.0,61.0,38.0,26.0,8.0,9.0,10.0,13.0
2026-807,Acapulco,Hard,32,500,O,20260226,18,KI95,,,Miomir Kecmanovic,R,183.0,SRB,26.491,84.0,685.0,Z355,1,,Alexander Zverev,R,198.0,GER,28.854,4.0,4555.0,6-3 6-7(3) 7-6(4),3,R16,155.0,13.0,3.0,104.0,69.0,56.0,22.0,17.0,2.0,3.0,17.0,2.0,93.0,65.0,53.0,15.0,16.0,2.0,4.0
2026-807,Acapulco,Hard,32,500,O,20260226,19,B0GG,,,Mattia Bellucci,L,175.0,ITA,24.739,110.0,553.0,DH50,4,,Alejandro Davidovich Fokina,R,180.0,ESP,26.729,14.0,2470.0,6-3 6-3,3,R16,73.0,10.0,0.0,45.0,33.0,30.0,8.0,9.0,1.0,1.0,2.0,1.0,57.0,40.0,23.0,8.0,9.0,2.0,5.0
2026-807,Acapulco,Hard,32,500,O,20260226,20,C0E9,5.0,,Flavio Cobolli,R,183.0,ITA,23.811,20.0,2030.0,S0GD,,,Dalibor Svrcina,R,178.0,CZE,23.403,123.0,519.0,6-4 6-4,3,R16,109.0,8.0,3.0,71.0,43.0,37.0,11.0,10.0,6.0,6.0,2.0,1.0,74.0,43.0,26.0,21.0,10.0,5.0,7.0
2026-807,Acapulco,Hard,32,500,O,20260226,21,TD51,8.0,,Frances Tiafoe,R,188.0,USA,28.101,28.0,1590.0,K0AZ,,,Aleksandar Kovacevic,R,183.0,USA,27.496,75.0,746.0,6-4 3-6 7-6(7),3,R16,138.0,9.0,0.0,89.0,56.0,42.0,24.0,15.0,1.0,2.0,19.0,3.0,96.0,62.0,47.0,23.0,16.0,3.0,4.0
2026-807,Acapulco,Hard,32,500,O,20260226,22,A0GC,,,Terence Atmane,L,193.0,FRA,24.131,63.0,858.0,J0DZ,,,Rafael Jodar,R,191.0,ESP,19.444,114.0,548.0,6-2 4-6 6-1,3,R16,101.0,6.0,1.0,75.0,49.0,37.0,17.0,13.0,3.0,4.0,3.0,0.0,66.0,44.0,29.0,10.0,12.0,1.0,5.0
2026-807,Acapulco,Hard,32,500,O,20260226,23,N0AE,,,Brandon Nakashima,R,188.0,USA,24.567,29.0,1535.0,K0A3,,,Patrick Kypson,R,188.0,USA,26.333,103.0,565.0,6-4 6-4,3,R16,94.0,11.0,0.0,59.0,39.0,35.0,9.0,10.0,2.0,2.0,3.0,4.0,69.0,43.0,32.0,9.0,10.0,4.0,6.0
2026-807,Acapulco,Hard,32,500,O,20260226,24,WB32,,,Yibing Wu,R,183.0,CHN,26.371,142.0,434.0,SY67,,,Sho Shimabukuro,R,180.0,JPN,28.578,130.0,479.0,6-3 7-6(4),3,R16,88.0,7.0,2.0,68.0,43.0,35.0,17.0,11.0,1.0,1.0,14.0,1.0,59.0,40.0,33.0,10.0,10.0,0.0,1.0
2026-8996,Santiago,Clay,28,250,O,20260226,14,D0FJ,2.0,,Luciano Darderi,R,183.0,ITA,24.033,21.0,1904.0,N0BS,,,Mariano Navone,R,178.0,ARG,24.997,77.0,725.0,6-3 3-6 6-4,3,R16,146.0,2.0,3.0,98.0,51.0,37.0,21.0,14.0,9.0,13.0,1.0,6.0,86.0,54.0,35.0,11.0,14.0,7.0,12.0
2026-8996,Santiago,Clay,28,250,O,20260226,15,PH64,,,Andrea Pellegrino,R,185.0,ITA,28.931,137.0,447.0,C0DF,7,,Francisco Comesana,R,178.0,ARG,25.391,82.0,694.0,7-6(3) 6-7(2) 6-3,3,R16,171.0,3.0,5.0,109.0,54.0,38.0,34.0,16.0,4.0,6.0,9.0,11.0,111.0,64.0,53.0,18.0,17.0,3.0,7.0
2026-8996,Santiago,Clay,28,250,O,20260226,16,G0FW,,,Vilius Gaubas,R,178.0,LTU,21.161,107.0,558.0,P0HW,,,Dino Prizmic,R,188.0,CRO,20.561,120.0,529.0,5-7 7-5 6-3,3,R16,182.0,0.0,6.0,101.0,62.0,45.0,19.0,17.0,2.0,5.0,9.0,5.0,104.0,65.0,47.0,16.0,16.0,9.0,13.0
2026-8996,Santiago,Clay,28,250,O,20260226,17,N0AM,,,Emilio Nava,R,185.0,USA,24.235,79.0,710.0,V0DP,,,Adolfo Daniel Vallejo,R,183.0,PAR,21.832,106.0,561.0,7-5 6-3,3,R16,89.0,12.0,3.0,66.0,48.0,41.0,7.0,11.0,8.0,9.0,3.0,2.0,67.0,42.0,25.0,13.0,10.0,3.0,6.0
2026-8996,Santiago,Clay,28,250,O,20260226,18,C0AU,1.0,,Francisco Cerundolo,R,185.0,ARG,27.54,19.0,2170.0,M0K4,,,Elmer Moller,R,183.0,DEN,22.637,127.0,509.0,6-2 6-2,3,R16,70.0,3.0,2.0,47.0,28.0,25.0,9.0,8.0,0.0,0.0,1.0,4.0,46.0,29.0,17.0,7.0,8.0,3.0,7.0
2026-495,Dubai,Hard,32,500,O,20260227,29,GJ37,,,Tallon Griekspoor,R,188.0,NED,29.656,25.0,1655.0,RE44,5,,Andrey Rublev,R,188.0,RUS,28.356,18.0,2210.0,7-5 7-6(6),3,SF,105.0,19.0,2.0,82.0,57.0,42.0,17.0,12.0,6.0,6.0,20.0,2.0,70.0,47.0,40.0,13.0,12.0,0.0,1.0
2026-495,Dubai,Hard,32,500,O,20260227,30,MM58,3.0,,Daniil Medvedev,R,198.0,RUS,30.045,11.0,2960.0,AG37,1,,Felix Auger-Aliassime,R,193.0,CAN,25.555,8.0,4080.0,6-4 6-2,3,SF,83.0,7.0,2.0,43.0,26.0,23.0,13.0,9.0,0.0,0.0,7.0,2.0,64.0,44.0,28.0,8.0,9.0,1.0,4.0
2026-807,Acapulco,Hard,32,500,O,20260227,25,N0AE,,,Brandon Nakashima,R,188.0,USA,24.569,29.0,1535.0,VA25,6,,Valentin Vacherot,R,193.0,MON,27.283,27.0,1591.0,2-6 6-2 6-3,3,QF,107.0,8.0,1.0,70.0,51.0,40.0,9.0,13.0,2.0,4.0,9.0,1.0,77.0,53.0,38.0,12.0,12.0,4.0,7.0
2026-807,Acapulco,Hard,32,500,O,20260227,26,C0E9,5.0,,Flavio Cobolli,R,183.0,ITA,23.814,20.0,2030.0,WB32,,,Yibing Wu,R,183.0,CHN,26.374,142.0,434.0,7-6(4) 6-1,3,QF,95.0,10.0,4.0,74.0,36.0,30.0,20.0,10.0,8.0,8.0,1.0,0.0,55.0,37.0,26.0,9.0,9.0,1.0,3.0
2026-807,Acapulco,Hard,32,500,O,20260227,27,TD51,8.0,,Frances Tiafoe,R,188.0,USA,28.104,28.0,1590.0,B0GG,,,Mattia Bellucci,L,175.0,ITA,24.742,110.0,553.0,6-3 6-4,3,QF,106.0,5.0,3.0,79.0,53.0,34.0,11.0,9.0,8.0,10.0,6.0,3.0,62.0,42.0,22.0,11.0,10.0,3.0,8.0
2026-807,Acapulco,Hard,32,500,O,20260227,28,KI95,,,Miomir Kecmanovic,R,183.0,SRB,26.494,84.0,685.0,A0GC,,,Terence Atmane,L,193.0,FRA,24.134,63.0,858.0,6-3 6-3,3,QF,90.0,5.0,0.0,48.0,29.0,23.0,13.0,9.0,0.0,1.0,6.0,2.0,74.0,45.0,26.0,13.0,9.0,9.0,13.0
2026-8996,Santiago,Clay,28,250,O,20260227,19,TE30,8.0,,Alejandro Tabilo,L,188.0,CHI,28.739,42.0,1113.0,T0A1,,,Thiago Agustin Tirante,R,185.0,ARG,24.884,76.0,739.0,4-6 6-3 6-3,3,R16,127.0,7.0,2.0,73.0,45.0,33.0,19.0,14.0,1.0,3.0,6.0,5.0,94.0,58.0,40.0,16.0,14.0,8.0,12.0
2026-8996,Santiago,Clay,28,250,O,20260227,20,B0BI,3.0,,Sebastian Baez,R,170.0,ARG,25.166,52.0,1005.0,GD64,,,Cristian Garin,R,185.0,CHI,29.747,93.0,656.0,7-6(2) 1-6 7-5,3,R16,153.0,2.0,4.0,115.0,82.0,53.0,17.0,15.0,11.0,15.0,6.0,2.0,97.0,65.0,50.0,12.0,16.0,5.0,8.0
2026-8996,Santiago,Clay,28,250,O,20260227,21,C0AU,1.0,,Francisco Cerundolo,R,185.0,ARG,27.543,19.0,2170.0,N0AM,,,Emilio Nava,R,185.0,USA,24.238,79.0,710.0,6-1 6-1,3,QF,66.0,1.0,1.0,41.0,26.0,21.0,9.0,7.0,2.0,2.0,2.0,2.0,56.0,34.0,17.0,7.0,7.0,8.0,13.0
2026-8996,Santiago,Clay,28,250,O,20260227,22,H997,,,Yannick Hanfmann,R,193.0,GER,34.292,81.0,695.0,G0FW,,,Vilius Gaubas,R,178.0,LTU,21.164,107.0,558.0,3-6 6-2 6-2,3,QF,132.0,5.0,4.0,77.0,46.0,34.0,18.0,12.0,6.0,8.0,4.0,1.0,93.0,70.0,43.0,7.0,13.0,10.0,15.0
2026-495,Dubai,Hard,32,500,O,20260228,31,MM58,3.0,,Daniil Medvedev,R,198.0,RUS,30.048,11.0,2960.0,GJ37,,,Tallon Griekspoor,R,188.0,NED,29.659,25.0,1655.0,W/O,3,F,113.0,19.0,1.0,81.0,51.0,45.0,21.0,16.0,0.0,1.0,9.0,0.0,92.0,72.0,57.0,8.0,15.0,2.0,3.0
2026-807,Acapulco,Hard,32,500,O,20260228,29,TD51,8.0,,Frances Tiafoe,R,188.0,USA,28.107,28.0,1590.0,N0AE,,,Brandon Nakashima,R,188.0,USA,24.572,29.0,1535.0,3-6 7-6(6) 6-4,3,SF,171.0,7.0,2.0,106.0,62.0,45.0,19.0,15.0,6.0,10.0,16.0,1.0,101.0,68.0,48.0,18.0,16.0,7.0,11.0
2026-807,Acapulco,Hard,32,500,O,20260228,30,C0E9,5.0,,Flavio Cobolli,R,183.0,ITA,23.817,20.0,2030.0,KI95,,,Miomir Kecmanovic,R,183.0,SRB,26.497,84.0,685.0,7-6(5) 3-6 6-4,3,SF,146.0,13.0,3.0,95.0,49.0,36.0,23.0,15.0,4.0,8.0,7.0,2.0,96.0,57.0,42.0,21.0,16.0,4.0,8.0
2026-8996,Santiago,Clay,28,250,O,20260228,23,D0FJ,2.0,,Luciano Darderi,R,183.0,ITA,24.038,21.0,1904.0,PH64,,,Andrea Pellegrino,R,185.0,ITA,28.936,137.0,447.0,6-3 3-6 6-2,3,QF,121.0,7.0,1.0,69.0,35.0,30.0,17.0,13.0,2.0,4.0,0.0,3.0,94.0,49.0,32.0,20.0,13.0,9.0,13.0
2026-8996,Santiago,Clay,28,250,O,20260228,24,B0BI,3.0,,Sebastian Baez,R,170.0,ARG,25.169,52.0,1005.0,TE30,8,,Alejandro Tabilo,L,188.0,CHI,28.742,42.0,1113.0,7-6(2) 6-1,3,QF,81.0,1.0,3.0,70.0,53.0,40.0,11.0,10.0,3.0,3.0,6.0,0.0,52.0,33.0,24.0,8.0,9.0,2.0,4.0
2026-807,Acapulco,Hard,32,500,O,20260301,31,C0E9,5.0,,Flavio Cobolli,R,183.0,ITA,23.819,20.0,2030.0,TD51,8,,Frances Tiafoe,R,188.0,USA,28.11,28.0,1590.0,7-6(4) 6-4,3,F,129.0,10.0,2.0,72.0,53.0,42.0,9.0,11.0,2.0,3.0,6.0,1.0,84.0,48.0,35.0,16.0,11.0,4.0,6.0
2026-8996,Santiago,Clay,28,250,O,20260301,25,H997,,,Yannick Hanfmann,R,193.0,GER,34.297,81.0,695.0,C0AU,1,,Francisco Cerundolo,R,185.0,ARG,27.548,19.0,2170.0,6-3 6-4,3,SF,84.0,0.0,0.0,58.0,34.0,27.0,16.0,10.0,2.0,2.0,5.0,2.0,54.0,39.0,27.0,7.0,9.0,1.0,3.0
2026-8996,Santiago,Clay,28,250,O,20260301,26,D0FJ,2.0,,Luciano Darderi,R,183.0,ITA,24.041,21.0,1904.0,B0BI,3,,Sebastian Baez,R,170.0,ARG,25.172,52.0,1005.0,6-4 6-3,3,SF,89.0,2.0,5.0,68.0,31.0,22.0,18.0,10.0,4.0,6.0,0.0,4.0,51.0,31.0,20.0,9.0,9.0,3.0,7.0
2026-8996,Santiago,Clay,28,250,O,20260302,27,D0FJ,2.0,,Luciano Darderi,R,183.0,ITA,24.044,21.0,1904.0,H997,,,Yannick Hanfmann,R,193.0,GER,34.3,81.0,695.0,7-6(6) 7-5,3,F,107.0,6.0,3.0,71.0,49.0,39.0,13.0,12.0,2.0,4.0,10.0,2.0,71.0,45.0,32.0,14.0,12.0,3.0,6.0
2026-404,Indian Wells Masters,Hard,96,M,O,20260304,1,U182,,,Camilo Ugo Carabelli,R,185.0,ARG,26.713,67.0,790.0,D0DT,,,Martin Damm,L,203.0,USA,23.09,129.0,477.0,7-6(5) 6-3,3,R128,110.0,8.0,5.0,83.0,50.0,42.0,17.0,11.0,5.0,5.0,9.0,2.0,70.0,43.0,31.0,16.0,10.0,4.0,5.0
2026-404,Indian Wells Masters,Hard,96,M,O,20260304,2,W09E,,,Adam Walton,R,183.0,AUS,26.88,91.0,650.0,HB64,,,Quentin Halys,R,191.0,FRA,29.352,102.0,600.0,6-3 6-3,3,R128,77.0,12.0,1.0,64.0,42.0,34.0,9.0,9.0,5.0,5.0,7.0,1.0,45.0,25.0,19.0,10.0,9.0,1.0,4.0
2026-404,Indian Wells Masters,Hard,96,M,O,20260304,3,O522,,,Reilly Opelka,R,211.0,USA,28.517,68.0,786.0,Q02L,,,Ethan Quinn,R,191.0,USA,21.979,73.0,761.0,7-5 7-6(3),3,R128,101.0,17.0,6.0,67.0,46.0,39.0,13.0,12.0,4.0,5.0,5.0,3.0,85.0,53.0,38.0,14.0,12.0,5.0,7.0
2026-404,Indian Wells Masters,Hard,96,M,O,20260304,4,BU13,,,Zizou Bergs,R,185.0,BEL,26.754,47.0,1030.0,SL28,,,Jan-Lennard Struff,R,193.0,GER,35.86,80.0,719.0,6-3 6-4,3,R128,73.0,5.0,2.0,53.0,31.0,27.0,14.0,10.0,0.0,0.0,5.0,4.0,64.0,39.0,31.0,10.0,9.0,8.0,10.0
2026-404,Indian Wells Masters,Hard,96,M,O,20260304,5,GC88,,,Marcos Giron,R,180.0,USA,32.613,69.0,780.0,N0BS,,,Mariano Navone,R,178.0,ARG,25.016,79.0,725.0,4-6 7-5 6-3,3,R128,140.0,5.0,2.0,86.0,61.0,44.0,13.0,15.0,3.0,6.0,4.0,5.0,93.0,69.0,49.0,7.0,16.0,6.0,11.0
2026-404,Indian Wells Masters,Hard,96,M,O,20260304,6,KI95,,,Miomir Kecmanovic,R,183.0,SRB,26.511,58.0,875.0,AE14,,,Daniel Altmaier,R,188.0,GER,27.477,55.0,921.0,6-3 1-0 RET,3,R128,61.0,7.0,2.0,32.0,18.0,16.0,8.0,5.0,0.0,0.0,6.0,2.0,51.0,33.0,19.0,8.0,5.0,4.0,6.0
2026-404,Indian Wells Masters,Hard,96,M,O,20260305,7,B0CD,,,Jenson Brooksby,R,193.0,USA,25.355,41.0,1135.0,P09Z,,,Alexei Popyrin,R,196.0,AUS,26.582,45.0,1050.0,6-3 6-4,3,R128,91.0,2.0,1.0,62.0,47.0,34.0,11.0,10.0,2.0,2.0,8.0,0.0,64.0,47.0,30.0,8.0,9.0,3.0,5.0
2026-404,Indian Wells Masters,Hard,96,M,O,20260305,8,D0F6,,,Gabriel Diallo,R,203.0,CAN,24.444,38.0,1175.0,B0GG,,,Mattia Bellucci,L,175.0,ITA,24.758,94.0,640.0,7-6(5) 6-4,3,R128,133.0,10.0,1.0,75.0,50.0,38.0,15.0,11.0,1.0,1.0,8.0,2.0,83.0,53.0,38.0,16.0,11.0,6.0,7.0
2026-404,Indian Wells Masters,Hard,96,M,O,20260305,9,F724,,,Marton Fucsovics,R,188.0,HUN,34.07,56.0,916.0,O483,,,Christopher O'Connell,R,183.0,AUS,31.754,127.0,493.0,7-5 6-3,3,R128,90.0,5.0,0.0,54.0,40.0,33.0,9.0,11.0,0.0,1.0,5.0,1.0,67.0,36.0,24.0,15.0,10.0,1.0,4.0
2026-404,Indian Wells Masters,Hard,96,M,O,20260305,10,S0GD,,,Dalibor Svrcina,R,178.0,CZE,23.422,109.0,569.0,D994,,,James Duckworth,R,183.0,AUS,34.119,83.0,691.0,6-2 6-4,3,R128,91.0,3.0,5.0,67.0,41.0,34.0,11.0,9.0,7.0,7.0,4.0,0.0,64.0,39.0,24.0,13.0,9.0,8.0,11.0
2026-404,Indian Wells Masters,Hard,96,M,O,20260305,11,MC65,,,Gael Monfils,R,193.0,FRA,39.507,148.0,410.0,GK06,,,Alexis Galarneau,R,180.0,CAN,27.009,219.0,265.0,6-3 6-4,3,R128,82.0,6.0,1.0,62.0,44.0,32.0,9.0,10.0,2.0,4.0,1.0,6.0,60.0,35.0,19.0,11.0,9.0,4.0,8.0
2026-404,Indian Wells Masters,Hard,96,M,O,20260305,12,BK40,,,Matteo Berrettini,R,196.0,ITA,29.895,66.0,820.0,ME82,,,Adrian Mannarino,L,180.0,FRA,37.681,48.0,1025.0,4-6 7-5 7-5,3,R128,168.0,14.0,3.0,100.0,69.0,51.0,16.0,17.0,7.0,10.0,6.0,2.0,113.0,73.0,51.0,18.0,17.0,5.0,9.0
2026-404,Indian Wells Masters,Hard,96,M,O,20260305,13,P0HW,,,Dino Prizmic,R,188.0,CRO,20.58,119.0,541.0,S0N0,,,Tristan Schoolkate,R,183.0,AUS,25.018,118.0,547.0,7-6(5) 3-6 7-5,3,R128,150.0,7.0,4.0,93.0,51.0,42.0,27.0,16.0,1.0,2.0,16.0,1.0,96.0,63.0,55.0,18.0,17.0,4.0,5.0
2026-404,Indian Wells Masters,Hard,96,M,O,20260305,14,F0FV,,,Joao Fonseca,R,188.0,BRA,19.537,35.0,1240.0,C0JP,,,Raphael Collignon,R,191.0,BEL,24.14,77.0,733.0,7-6(2) 6-4,3,R128,102.0,3.0,0.0,64.0,46.0,34.0,13.0,11.0,0.0,1.0,5.0,4.0,77.0,50.0,34.0,12.0,11.0,5.0,7.0
2026-404,Indian Wells Masters,Hard,96,M,O,20260305,15,S0K7,,,Zachary Svajda,R,175.0,USA,23.264,99.0,614.0,C977,,,Marin Cilic,R,198.0,CRO,37.432,51.0,990.0,7-6(5) 6-4,3,R128,106.0,5.0,1.0,78.0,47.0,40.0,15.0,11.0,5.0,6.0,17.0,1.0,67.0,43.0,38.0,8.0,11.0,3.0,5.0
2026-404,Indian Wells Masters,Hard,96,M,O,20260305,16,SU55,,,Denis Shapovalov,L,185.0,CAN,26.888,39.0,1160.0,TE51,,,Stefanos Tsitsipas,R,193.0,GRE,27.562,43.0,1085.0,6-2 3-6 6-4,3,R128,106.0,3.0,2.0,67.0,45.0,35.0,12.0,13.0,1.0,3.0,0.0,3.0,84.0,49.0,33.0,16.0,14.0,6.0,10.0
2026-404,Indian Wells Masters,Hard,96,M,O,20260305,17,S0H2,,,Alexander Shevchenko,R,188.0,KAZ,25.262,88.0,659.0,SY67,,,Sho Shimabukuro,R,180.0,JPN,28.597,113.0,554.0,6-4 3-6 6-2,3,R128,130.0,8.0,0.0,91.0,48.0,35.0,24.0,13.0,4.0,5.0,6.0,10.0,91.0,46.0,33.0,23.0,14.0,4.0,7.0
2026-404,Indian Wells Masters,Hard,96,M,O,20260305,18,MQ75,,,Kamil Majchrzak,R,183.0,POL,30.141,57.0,895.0,M0GZ,,,Giovanni Mpetshi Perricard,R,203.0,FRA,22.658,54.0,930.0,6-3 1-6 7-5,3,R128,106.0,6.0,1.0,75.0,52.0,39.0,11.0,14.0,0.0,3.0,11.0,7.0,90.0,63.0,48.0,7.0,14.0,4.0,7.0
2026-404,Indian Wells Masters,Hard,96,M,O,20260305,19,K0AZ,,,Aleksandar Kovacevic,R,183.0,USA,27.518,72.0,771.0,HB71,,,Hubert Hurkacz,R,196.0,POL,29.062,71.0,775.0,7-6(6) 7-6(4),3,R128,111.0,9.0,4.0,82.0,56.0,44.0,15.0,12.0,2.0,3.0,10.0,5.0,85.0,58.0,43.0,13.0,12.0,2.0,3.0
2026-404,Indian Wells Masters,Hard,96,M,O,20260305,20,B0BI,,,Sebastian Baez,R,170.0,ARG,25.185,53.0,940.0,T0AP,,,Chun-Hsin Tseng,R,175.0,TPE,24.575,144.0,414.0,6-3 6-2,3,R128,76.0,0.0,1.0,52.0,40.0,31.0,5.0,8.0,4.0,4.0,0.0,5.0,57.0,40.0,25.0,4.0,9.0,4.0,8.0
2026-404,Indian Wells Masters,Hard,96,M,O,20260305,21,D875,,,Grigor Dimitrov,R,191.0,BUL,34.806,42.0,1105.0,A0GC,,,Terence Atmane,L,193.0,FRA,24.153,52.0,958.0,6-4 5-7 6-4,3,R128,145.0,3.0,2.0,94.0,58.0,43.0,17.0,16.0,2.0,6.0,10.0,8.0,117.0,63.0,46.0,21.0,16.0,11.0,16.0
2026-404,Indian Wells Masters,Hard,96,M,O,20260305,22,F0BY,,,Jacob Fearnley,R,183.0,GBR,24.641,87.0,662.0,D923,,,Damir Dzumhur,R,175.0,BIH,33.793,64.0,840.0,6-3 6-3,3,R128,83.0,6.0,5.0,53.0,33.0,28.0,8.0,9.0,1.0,2.0,1.0,2.0,63.0,43.0,25.0,7.0,9.0,6.0,10.0
2026-404,Indian Wells Masters,Hard,96,M,O,20260306,23,BD06,,,Roberto Bautista Agut,R,183.0,ESP,37.892,93.0,645.0,M0CI,,,Fabian Marozsan,R,193.0,HUN,26.409,46.0,1040.0,6-4 6-7(2) 6-4,3,R128,140.0,4.0,2.0,94.0,60.0,47.0,20.0,16.0,8.0,9.0,7.0,3.0,109.0,68.0,46.0,22.0,16.0,1.0,4.0
2026-404,Indian Wells Masters,Hard,96,M,O,20260306,24,BM95,,,Benjamin Bonzi,R,183.0,FRA,29.739,111.0,564.0,R0EB,,,Valentin Royer,R,188.0,FRA,24.769,60.0,872.0,6-4 6-3,3,R128,76.0,1.0,0.0,48.0,38.0,29.0,5.0,9.0,3.0,4.0,4.0,1.0,60.0,40.0,25.0,9.0,10.0,1.0,5.0
2026-404,Indian Wells Masters,Hard,96,M,O,20260306,25,M0QI,,,Alex Michelsen,R,193.0,USA,21.528,44.0,1085.0,M0N7,,,Daniel Merida,R,188.0,ESP,21.44,139.0,432.0,6-3 6-4,3,R128,69.0,6.0,1.0,55.0,41.0,32.0,9.0,10.0,0.0,1.0,4.0,3.0,56.0,41.0,23.0,9.0,9.0,1.0,4.0
2026-404,Indian Wells Masters,Hard,96,M,O,20260306,26,KI82,,,Vit Kopriva,R,178.0,CZE,28.723,62.0,848.0,Z0BZ,,,Michael Zheng,R,188.0,USA,22.105,145.0,414.0,7-6(1) 7-5,3,R128,129.0,3.0,8.0,83.0,47.0,32.0,16.0,12.0,4.0,8.0,1.0,2.0,99.0,65.0,37.0,12.0,12.0,5.0,10.0
2026-404,Indian Wells Masters,Hard,96,M,O,20260306,27,BT72,,,Nuno Borges,R,185.0,POR,29.04,49.0,1020.0,N0AM,,,Emilio Nava,R,185.0,USA,24.257,75.0,753.0,7-6(9) 7-5,3,R128,110.0,3.0,2.0,79.0,49.0,43.0,18.0,12.0,5.0,5.0,12.0,3.0,94.0,61.0,43.0,18.0,12.0,9.0,10.0
2026-404,Indian Wells Masters,Hard,96,M,O,20260306,28,C0C8,,,Juan Manuel Cerundolo,L,183.0,ARG,24.304,70.0,778.0,V812,,,Botic van de Zandschulp,R,191.0,NED,30.42,59.0,873.0,7-6(3) 6-7(5) 6-3,3,R128,162.0,12.0,1.0,128.0,88.0,61.0,19.0,17.0,4.0,7.0,4.0,9.0,102.0,65.0,47.0,18.0,16.0,1.0,5.0
2026-404,Indian Wells Masters,Hard,96,M,O,20260306,29,H0BH,,,Rinky Hijikata,R,178.0,AUS,25.029,117.0,547.0,M0IF,,,Francesco Maestrelli,R,196.0,ITA,23.206,114.0,553.0,7-6(5) 6-4,3,R128,107.0,5.0,2.0,76.0,44.0,32.0,20.0,11.0,4.0,5.0,7.0,2.0,71.0,52.0,40.0,7.0,11.0,6.0,8.0
2026-404,Indian Wells Masters,Hard,96,M,O,20260306,30,K0AH,,,Sebastian Korda,R,196.0,USA,25.667,37.0,1220.0,C0DF,,,Francisco Comesana,R,178.0,ARG,25.413,82.0,694.0,7-5 6-0,3,R128,78.0,0.0,2.0,49.0,29.0,22.0,7.0,9.0,1.0,4.0,1.0,1.0,58.0,35.0,14.0,8.0,9.0,4.0,11.0
2026-404,Indian Wells Masters,Hard,96,M,O,20260306,31,MK66,,,Mackenzie McDonald,R,178.0,USA,30.888,126.0,498.0,A0FC,,,Matteo Arnaldi,R,185.0,ITA,25.032,85.0,665.0,6-0 6-1,3,R128,62.0,2.0,0.0,51.0,27.0,18.0,16.0,7.0,5.0,5.0,2.0,5.0,34.0,14.0,6.0,7.0,6.0,2.0,7.0
2026-404,Indian Wells Masters,Hard,96,M,O,20260306,32,TE30,,,Alejandro Tabilo,L,188.0,CHI,28.758,40.0,1138.0,J0DZ,,,Rafael Jodar,R,191.0,ESP,19.466,103.0,594.0,6-1 6-2,3,R128,58.0,4.0,0.0,43.0,30.0,26.0,7.0,8.0,0.0,0.0,3.0,3.0,43.0,26.0,14.0,6.0,7.0,1.0,5.0
2026-404,Indian Wells Masters,Hard,96,M,O,20260306,33,T0HA,25.0,,Learner Tien,L,180.0,USA,20.257,27.0,1685.0,W09E,,,Adam Walton,R,183.0,AUS,26.886,91.0,650.0,7-6(3) 7-6(8),3,R64,104.0,9.0,4.0,82.0,46.0,36.0,23.0,12.0,2.0,3.0,11.0,0.0,92.0,67.0,47.0,13.0,12.0,4.0,5.0
2026-404,Indian Wells Masters,Hard,96,M,O,20260306,34,Z355,4.0,,Alexander Zverev,R,198.0,GER,28.876,4.0,4555.0,BK40,,,Matteo Berrettini,R,196.0,ITA,29.897,66.0,820.0,6-3 6-4,3,R64,71.0,4.0,1.0,46.0,35.0,31.0,9.0,10.0,0.0,0.0,5.0,2.0,52.0,38.0,29.0,7.0,9.0,3.0,5.0
2026-404,Indian Wells Masters,Hard,96,M,O,20260307,35,F724,,,Marton Fucsovics,R,188.0,HUN,34.075,56.0,916.0,M0EJ,5,,Lorenzo Musetti,R,185.0,ITA,24.011,5.0,4405.0,7-5 6-1,3,R64,88.0,4.0,2.0,58.0,36.0,29.0,12.0,10.0,1.0,2.0,1.0,2.0,65.0,41.0,27.0,7.0,9.0,7.0,11.0
2026-404,Indian Wells Masters,Hard,96,M,O,20260307,36,C0E9,15.0,,Flavio Cobolli,R,183.0,ITA,23.836,15.0,2480.0,KI95,,,Miomir Kecmanovic,R,183.0,SRB,26.516,58.0,875.0,3-6 6-3 6-4,3,R64,117.0,13.0,8.0,84.0,43.0,33.0,21.0,14.0,2.0,4.0,1.0,2.0,86.0,45.0,33.0,20.0,14.0,9.0,12.0
2026-404,Indian Wells Masters,Hard,96,M,O,20260307,37,AG37,9.0,,Felix Auger-Aliassime,R,193.0,CAN,25.577,9.0,3950.0,MC65,,,Gael Monfils,R,193.0,FRA,39.513,148.0,410.0,6-7(5) 6-3 6-4,3,R64,136.0,14.0,4.0,98.0,64.0,52.0,20.0,16.0,2.0,2.0,12.0,5.0,91.0,65.0,48.0,17.0,15.0,3.0,5.0
2026-404,Indian Wells Masters,Hard,96,M,O,20260307,38,S0S1,8.0,,Ben Shelton,L,193.0,USA,23.409,8.0,4010.0,O522,,,Reilly Opelka,R,211.0,USA,28.523,68.0,786.0,6-7(3) 7-6(4) 6-3,3,R64,132.0,11.0,6.0,98.0,60.0,52.0,26.0,17.0,0.0,0.0,23.0,5.0,103.0,70.0,54.0,20.0,16.0,2.0,3.0
2026-404,Indian Wells Masters,Hard,96,M,O,20260307,39,TD51,21.0,,Frances Tiafoe,R,188.0,USA,28.126,22.0,1870.0,B0CD,,,Jenson Brooksby,R,193.0,USA,25.361,41.0,1135.0,6-4 6-2,3,R64,83.0,6.0,1.0,53.0,30.0,27.0,11.0,9.0,2.0,3.0,6.0,1.0,60.0,36.0,26.0,6.0,9.0,3.0,7.0
2026-404,Indian Wells Masters,Hard,96,M,O,20260307,40,N0AE,28.0,,Brandon Nakashima,R,188.0,USA,24.591,30.0,1535.0,U182,,,Camilo Ugo Carabelli,R,185.0,ARG,26.721,67.0,790.0,6-3 6-4,3,R64,73.0,13.0,0.0,49.0,38.0,33.0,7.0,10.0,0.0,0.0,3.0,1.0,50.0,36.0,26.0,7.0,9.0,5.0,7.0
2026-404,Indian Wells Masters,Hard,96,M,O,20260307,41,F0F1,30.0,,Arthur Fils,R,185.0,FRA,21.733,32.0,1440.0,P0HW,,,Dino Prizmic,R,188.0,CRO,20.586,119.0,541.0,6-2 3-2 RET,3,R64,65.0,1.0,1.0,36.0,21.0,15.0,11.0,6.0,3.0,3.0,0.0,5.0,44.0,21.0,13.0,11.0,7.0,4.0,7.0
2026-404,Indian Wells Masters,Hard,96,M,O,20260307,42,DH50,18.0,,Alejandro Davidovich Fokina,R,180.0,ESP,27.753,19.0,2190.0,S0K7,,,Zachary Svajda,R,175.0,USA,23.269,99.0,614.0,7-6(0) 6-2,3,R64,79.0,8.0,1.0,63.0,42.0,33.0,11.0,10.0,5.0,7.0,10.0,3.0,58.0,37.0,23.0,9.0,10.0,4.0,8.0
2026-404,Indian Wells Masters,Hard,96,M,O,20260307,43,S0AG,2.0,,Jannik Sinner,R,191.0,ITA,24.556,2.0,10400.0,S0GD,,,Dalibor Svrcina,R,178.0,CZE,23.428,109.0,569.0,6-1 6-1,3,R64,64.0,2.0,2.0,38.0,26.0,21.0,9.0,7.0,1.0,1.0,1.0,4.0,56.0,38.0,17.0,9.0,7.0,7.0,12.0
2026-404,Indian Wells Masters,Hard,96,M,O,20260307,44,M0NI,12.0,,Jakub Mensik,R,196.0,CZE,20.512,12.0,2650.0,GC88,,,Marcos Giron,R,180.0,USA,32.619,69.0,780.0,7-5 7-6(4),3,R64,104.0,12.0,3.0,88.0,54.0,41.0,15.0,12.0,9.0,10.0,2.0,2.0,69.0,44.0,32.0,13.0,12.0,1.0,3.0
2026-404,Indian Wells Masters,Hard,96,M,O,20260307,45,PL56,23.0,,Tommy Paul,R,185.0,USA,28.805,24.0,1815.0,BU13,,,Zizou Bergs,R,185.0,BEL,26.76,47.0,1030.0,6-1 6-2,3,R64,68.0,1.0,1.0,39.0,22.0,17.0,13.0,7.0,3.0,3.0,3.0,4.0,57.0,26.0,15.0,11.0,8.0,4.0,9.0
2026-404,Indian Wells Masters,Hard,96,M,O,20260307,46,SU55,,,Denis Shapovalov,L,185.0,CAN,26.894,39.0,1160.0,EA24,29,,Tomas Martin Etcheverry,R,196.0,ARG,26.637,31.0,1445.0,6-3 2-6 7-6(5),3,R64,158.0,14.0,9.0,99.0,64.0,46.0,15.0,15.0,3.0,6.0,4.0,0.0,102.0,65.0,42.0,20.0,14.0,8.0,10.0
2026-404,Indian Wells Masters,Hard,96,M,O,20260308,47,VA25,24.0,,Valentin Vacherot,R,193.0,MON,27.307,26.0,1691.0,BT72,,,Nuno Borges,R,185.0,POR,29.046,49.0,1020.0,7-5 7-5,3,R64,94.0,17.0,4.0,65.0,47.0,37.0,11.0,12.0,2.0,3.0,6.0,3.0,83.0,58.0,40.0,11.0,12.0,8.0,11.0
2026-404,Indian Wells Masters,Hard,96,M,O,20260308,48,RH16,13.0,,Casper Ruud,R,183.0,NOR,27.209,13.0,2625.0,S0H2,,,Alexander Shevchenko,R,188.0,KAZ,25.27,88.0,659.0,6-1 7-6(4),3,R64,86.0,5.0,0.0,62.0,39.0,26.0,20.0,10.0,3.0,3.0,9.0,2.0,56.0,36.0,23.0,11.0,9.0,4.0,6.0
2026-404,Indian Wells Masters,Hard,96,M,O,20260308,49,D0CO,14.0,,Jack Draper,L,193.0,GBR,24.208,14.0,2510.0,BD06,,,Roberto Bautista Agut,R,183.0,ESP,37.897,93.0,645.0,3-6 6-3 6-2,3,R64,105.0,9.0,2.0,70.0,40.0,35.0,17.0,13.0,6.0,7.0,1.0,1.0,73.0,59.0,39.0,6.0,13.0,4.0,7.0
2026-404,Indian Wells Masters,Hard,96,M,O,20260308,50,F0FV,,,Joao Fonseca,R,188.0,BRA,19.546,35.0,1240.0,KE29,16,,Karen Khachanov,R,198.0,RUS,29.796,16.0,2450.0,4-6 7-6(7) 6-4,3,R64,135.0,11.0,3.0,93.0,66.0,53.0,13.0,16.0,4.0,7.0,12.0,3.0,97.0,59.0,44.0,22.0,16.0,1.0,4.0
2026-404,Indian Wells Masters,Hard,96,M,O,20260308,51,C0AU,19.0,,Francisco Cerundolo,R,185.0,ARG,27.567,20.0,2170.0,BM95,,,Benjamin Bonzi,R,183.0,FRA,29.744,111.0,564.0,6-4 5-7 7-6(5),3,R64,149.0,6.0,8.0,115.0,70.0,51.0,21.0,17.0,9.0,13.0,4.0,0.0,109.0,88.0,57.0,8.0,17.0,7.0,11.0
2026-404,Indian Wells Masters,Hard,96,M,O,20260308,52,RC91,26.0,,Arthur Rinderknech,R,196.0,FRA,30.626,28.0,1617.0,C0C8,,,Juan Manuel Cerundolo,L,183.0,ARG,24.309,70.0,778.0,W/O,3,R64,108.0,2.0,3.0,67.0,50.0,38.0,7.0,11.0,3.0,6.0,3.0,4.0,77.0,50.0,30.0,13.0,11.0,4.0,8.0
2026-404,Indian Wells Masters,Hard,96,M,O,20260308,53,K0AZ,,,Aleksandar Kovacevic,R,183.0,USA,27.524,72.0,771.0,MW02,31,,Corentin Moutet,L,180.0,FRA,26.886,33.0,1383.0,6-1 6-4,3,R64,100.0,2.0,0.0,69.0,42.0,30.0,14.0,9.0,3.0,3.0,4.0,5.0,53.0,36.0,25.0,4.0,8.0,3.0,6.0
2026-404,Indian Wells Masters,Hard,96,M,O,20260308,54,D0F6,,,Gabriel Diallo,R,203.0,CAN,24.452,38.0,1175.0,RE44,17,,Andrey Rublev,R,188.0,RUS,28.381,17.0,2400.0,6-7(4) 7-6(1) 6-3,3,R64,172.0,12.0,6.0,120.0,82.0,64.0,13.0,17.0,2.0,5.0,6.0,3.0,106.0,64.0,44.0,24.0,16.0,3.0,7.0
2026-404,Indian Wells Masters,Hard,96,M,O,20260308,55,D643,3.0,,Novak Djokovic,R,188.0,SRB,38.795,3.0,5280.0,MQ75,,,Kamil Majchrzak,R,183.0,POL,30.149,57.0,895.0,4-6 6-1 6-2,3,R64,132.0,5.0,5.0,81.0,54.0,42.0,12.0,13.0,3.0,5.0,3.0,1.0,99.0,62.0,39.0,14.0,12.0,11.0,16.0
2026-404,Indian Wells Masters,Hard,96,M,O,20260308,56,A0E2,1.0,,Carlos Alcaraz,R,183.0,ESP,22.842,1.0,13550.0,D875,,,Grigor Dimitrov,R,191.0,BUL,34.812,42.0,1105.0,6-2 6-3,3,R64,66.0,6.0,2.0,49.0,35.0,27.0,10.0,9.0,1.0,1.0,1.0,5.0,48.0,29.0,22.0,5.0,8.0,1.0,4.0
2026-404,Indian Wells Masters,Hard,96,M,O,20260308,57,B0BI,,,Sebastian Baez,R,170.0,ARG,25.191,53.0,940.0,L0BV,22,,Jiri Lehecka,R,185.0,CZE,24.329,23.0,1850.0,6-4 6-1,3,R64,71.0,0.0,2.0,51.0,36.0,25.0,9.0,8.0,3.0,4.0,2.0,0.0,50.0,34.0,18.0,6.0,9.0,2.0,7.0
2026-404,Indian Wells Masters,Hard,96,M,O,20260308,58,DH58,6.0,,Alex de Minaur,R,183.0,AUS,27.054,6.0,4235.0,K0AH,,,Sebastian Korda,R,196.0,USA,25.673,37.0,1220.0,4-6 6-4 6-4,3,R64,140.0,8.0,4.0,101.0,59.0,37.0,27.0,15.0,5.0,7.0,6.0,3.0,91.0,54.0,39.0,17.0,15.0,4.0,7.0
2026-404,Indian Wells Masters,Hard,96,M,O,20260308,59,FB98,7.0,,Taylor Fritz,R,196.0,USA,28.359,7.0,4220.0,F0BY,,,Jacob Fearnley,R,183.0,GBR,24.646,87.0,662.0,6-3 6-7(8) 6-1,3,R64,133.0,20.0,1.0,95.0,68.0,54.0,15.0,15.0,3.0,4.0,5.0,6.0,99.0,65.0,44.0,15.0,13.0,5.0,9.0
2026-404,Indian Wells Masters,Hard,96,M,O,20260308,60,H0BH,,,Rinky Hijikata,R,178.0,AUS,25.035,117.0,547.0,D0FJ,20,,Luciano Darderi,R,183.0,ITA,24.06,21.0,2104.0,4-6 6-2 6-4,3,R64,128.0,11.0,5.0,77.0,39.0,31.0,23.0,14.0,2.0,4.0,5.0,2.0,94.0,55.0,35.0,21.0,14.0,5.0,9.0
2026-404,Indian Wells Masters,Hard,96,M,O,20260308,61,N771,27.0,,Cameron Norrie,L,188.0,GBR,30.541,29.0,1603.0,MK66,,,Mackenzie McDonald,R,178.0,USA,30.894,126.0,498.0,6-2 6-3,3,R64,81.0,9.0,2.0,57.0,36.0,29.0,11.0,9.0,5.0,6.0,2.0,2.0,61.0,39.0,23.0,7.0,8.0,3.0,7.0
2026-404,Indian Wells Masters,Hard,96,M,O,20260308,62,M0QI,,,Alex Michelsen,R,193.0,USA,21.533,44.0,1085.0,HH26,32,,Ugo Humbert,L,188.0,FRA,27.699,34.0,1285.0,7-5 6-7(5) 7-6(6),3,R64,166.0,6.0,3.0,117.0,76.0,59.0,24.0,18.0,2.0,3.0,12.0,4.0,112.0,77.0,63.0,15.0,18.0,4.0,6.0
2026-404,Indian Wells Masters,Hard,96,M,O,20260308,63,BK92,10.0,,Alexander Bublik,R,196.0,KAZ,28.723,10.0,3405.0,KI82,,,Vit Kopriva,R,178.0,CZE,28.728,62.0,848.0,3-6 7-6(3) 6-2,3,R64,125.0,10.0,1.0,79.0,51.0,39.0,19.0,14.0,2.0,4.0,8.0,8.0,113.0,71.0,43.0,22.0,15.0,8.0,11.0
2026-404,Indian Wells Masters,Hard,96,M,O,20260308,64,MM58,11.0,,Daniil Medvedev,R,198.0,RUS,30.07,11.0,3360.0,TE30,,,Alejandro Tabilo,L,188.0,CHI,28.764,40.0,1138.0,6-4 6-2,3,R64,70.0,6.0,1.0,51.0,43.0,31.0,5.0,9.0,0.0,0.0,3.0,0.0,57.0,38.0,28.0,4.0,9.0,5.0,8.0
2026-404,Indian Wells Masters,Hard,96,M,O,20260308,65,Z355,4.0,,Alexander Zverev,R,198.0,GER,28.882,4.0,4555.0,N0AE,28,,Brandon Nakashima,R,188.0,USA,24.594,30.0,1535.0,7-6(2) 5-7 6-4,3,R32,151.0,15.0,2.0,101.0,77.0,62.0,11.0,17.0,4.0,5.0,17.0,2.0,105.0,77.0,62.0,11.0,17.0,3.0,4.0
2026-404,Indian Wells Masters,Hard,96,M,O,20260308,66,T0HA,25.0,,Learner Tien,L,180.0,USA,20.263,27.0,1685.0,S0S1,8,,Ben Shelton,L,193.0,USA,23.411,8.0,4010.0,7-6(3) 4-6 6-3,3,R32,129.0,15.0,10.0,106.0,71.0,58.0,18.0,16.0,5.0,6.0,8.0,3.0,100.0,63.0,45.0,23.0,15.0,7.0,8.0
2026-404,Indian Wells Masters,Hard,96,M,O,20260309,67,S0AG,2.0,,Jannik Sinner,R,191.0,ITA,24.561,2.0,10400.0,SU55,,,Denis Shapovalov,L,185.0,CAN,26.899,39.0,1160.0,6-3 6-2,3,R32,71.0,6.0,2.0,43.0,33.0,28.0,4.0,9.0,0.0,1.0,2.0,7.0,56.0,34.0,21.0,5.0,8.0,4.0,8.0
2026-404,Indian Wells Masters,Hard,96,M,O,20260309,68,DH50,18.0,,Alejandro Davidovich Fokina,R,180.0,ESP,27.759,19.0,2190.0,M0NI,12,,Jakub Mensik,R,196.0,CZE,20.517,12.0,2650.0,6-2 4-6 6-2,3,R32,125.0,3.0,0.0,74.0,51.0,36.0,14.0,13.0,6.0,8.0,8.0,5.0,78.0,46.0,34.0,10.0,13.0,5.0,10.0
2026-404,Indian Wells Masters,Hard,96,M,O,20260309,69,F0FV,,,Joao Fonseca,R,188.0,BRA,19.548,35.0,1240.0,PL56,23,,Tommy Paul,R,185.0,USA,28.81,24.0,1815.0,6-2 6-3,3,R32,82.0,2.0,0.0,50.0,33.0,24.0,11.0,9.0,0.0,1.0,2.0,2.0,58.0,39.0,23.0,6.0,8.0,6.0,10.0
2026-404,Indian Wells Masters,Hard,96,M,O,20260309,70,AG37,9.0,,Felix Auger-Aliassime,R,193.0,CAN,25.582,9.0,3950.0,D0F6,,,Gabriel Diallo,R,203.0,CAN,24.454,38.0,1175.0,6-7(5) 6-3 6-3,3,R32,147.0,9.0,5.0,96.0,62.0,50.0,19.0,15.0,3.0,4.0,11.0,0.0,90.0,71.0,47.0,10.0,15.0,3.0,7.0
2026-404,Indian Wells Masters,Hard,96,M,O,20260309,71,TD51,21.0,,Frances Tiafoe,R,188.0,USA,28.131,22.0,1870.0,C0E9,15,,Flavio Cobolli,R,183.0,ITA,23.841,15.0,2480.0,6-1 6-2,3,R32,67.0,7.0,1.0,56.0,33.0,27.0,12.0,8.0,5.0,5.0,1.0,0.0,43.0,25.0,13.0,7.0,7.0,5.0,9.0
2026-404,Indian Wells Masters,Hard,96,M,O,20260309,72,F0F1,30.0,,Arthur Fils,R,185.0,FRA,21.739,32.0,1440.0,F724,,,Marton Fucsovics,R,188.0,HUN,34.081,56.0,916.0,6-3 7-5,3,R32,83.0,4.0,0.0,55.0,33.0,27.0,17.0,11.0,0.0,0.0,10.0,4.0,63.0,36.0,31.0,10.0,10.0,6.0,8.0
2026-404,Indian Wells Masters,Hard,96,M,O,20260309,73,D643,3.0,,Novak Djokovic,R,188.0,SRB,38.798,3.0,5280.0,K0AZ,,,Aleksandar Kovacevic,R,183.0,USA,27.526,72.0,771.0,6-4 1-6 6-4,3,R32,122.0,6.0,4.0,70.0,44.0,33.0,16.0,13.0,2.0,4.0,16.0,1.0,96.0,54.0,42.0,20.0,14.0,4.0,6.0
2026-404,Indian Wells Masters,Hard,96,M,O,20260309,74,N771,27.0,,Cameron Norrie,L,188.0,GBR,30.543,29.0,1603.0,DH58,6,,Alex de Minaur,R,183.0,AUS,27.056,6.0,4235.0,6-4 6-4,3,R32,99.0,2.0,0.0,70.0,41.0,31.0,15.0,10.0,6.0,7.0,5.0,4.0,57.0,35.0,23.0,10.0,10.0,1.0,4.0
2026-404,Indian Wells Masters,Hard,96,M,O,20260309,75,H0BH,,,Rinky Hijikata,R,178.0,AUS,25.04,117.0,547.0,BK92,10,,Alexander Bublik,R,196.0,KAZ,28.728,10.0,3405.0,6-7(3) 7-6(3) 6-3,3,R32,155.0,8.0,3.0,115.0,73.0,56.0,24.0,17.0,0.0,0.0,19.0,5.0,121.0,80.0,62.0,18.0,16.0,6.0,7.0
2026-404,Indian Wells Masters,Hard,96,M,O,20260309,76,D0CO,14.0,,Jack Draper,L,193.0,GBR,24.214,14.0,2510.0,C0AU,19,,Francisco Cerundolo,R,185.0,ARG,27.573,20.0,2170.0,6-1 7-5,3,R32,78.0,4.0,4.0,51.0,34.0,27.0,7.0,9.0,2.0,4.0,1.0,3.0,66.0,39.0,21.0,13.0,10.0,8.0,14.0
2026-404,Indian Wells Masters,Hard,96,M,O,20260310,77,M0QI,,,Alex Michelsen,R,193.0,USA,21.539,44.0,1085.0,FB98,7,,Taylor Fritz,R,196.0,USA,28.364,7.0,4220.0,6-4 7-6(6),3,R32,99.0,9.0,1.0,78.0,55.0,40.0,13.0,11.0,7.0,8.0,12.0,0.0,77.0,54.0,39.0,9.0,11.0,7.0,9.0
2026-404,Indian Wells Masters,Hard,96,M,O,20260310,78,RH16,13.0,,Casper Ruud,R,183.0,NOR,27.214,13.0,2625.0,VA25,24,,Valentin Vacherot,R,193.0,MON,27.313,26.0,1691.0,3-6 6-3 6-4,3,R32,120.0,5.0,2.0,82.0,61.0,44.0,13.0,14.0,4.0,5.0,12.0,6.0,82.0,52.0,41.0,14.0,14.0,3.0,5.0
2026-404,Indian Wells Masters,Hard,96,M,O,20260310,79,A0E2,1.0,,Carlos Alcaraz,R,183.0,ESP,22.847,1.0,13550.0,RC91,26,,Arthur Rinderknech,R,196.0,FRA,30.631,28.0,1617.0,6-7(6) 6-3 6-2,3,R32,138.0,3.0,3.0,86.0,65.0,51.0,11.0,15.0,3.0,4.0,11.0,2.0,101.0,73.0,47.0,11.0,14.0,7.0,11.0
2026-404,Indian Wells Masters,Hard,96,M,O,20260310,80,MM58,11.0,,Daniil Medvedev,R,198.0,RUS,30.075,11.0,3360.0,B0BI,,,Sebastian Baez,R,170.0,ARG,25.196,53.0,940.0,6-4 6-0,3,R32,78.0,3.0,1.0,52.0,39.0,30.0,7.0,8.0,4.0,4.0,0.0,0.0,62.0,48.0,26.0,5.0,8.0,9.0,13.0
2026-404,Indian Wells Masters,Hard,96,M,O,20260310,81,F0F1,30.0,,Arthur Fils,R,185.0,FRA,21.741,32.0,1440.0,AG37,9,,Felix Auger-Aliassime,R,193.0,CAN,25.585,9.0,3950.0,6-3 7-6(9),3,R16,111.0,5.0,1.0,70.0,43.0,34.0,17.0,11.0,3.0,4.0,6.0,2.0,72.0,53.0,37.0,10.0,10.0,3.0,5.0
2026-404,Indian Wells Masters,Hard,96,M,O,20260310,82,Z355,4.0,,Alexander Zverev,R,198.0,GER,28.887,4.0,4555.0,TD51,21,,Frances Tiafoe,R,188.0,USA,28.134,22.0,1870.0,6-3 6-4,3,R16,89.0,14.0,1.0,63.0,44.0,34.0,9.0,10.0,2.0,2.0,6.0,3.0,60.0,38.0,24.0,13.0,9.0,1.0,3.0
2026-404,Indian Wells Masters,Hard,96,M,O,20260311,83,T0HA,25.0,,Learner Tien,L,180.0,USA,20.271,27.0,1685.0,DH50,18,,Alejandro Davidovich Fokina,R,180.0,ESP,27.761,19.0,2190.0,4-6 6-1 7-6(4),3,R16,128.0,10.0,4.0,114.0,69.0,50.0,23.0,15.0,4.0,5.0,8.0,4.0,87.0,62.0,41.0,12.0,14.0,0.0,2.0
2026-404,Indian Wells Masters,Hard,96,M,O,20260311,84,S0AG,2.0,,Jannik Sinner,R,191.0,ITA,24.567,2.0,10400.0,F0FV,,,Joao Fonseca,R,188.0,BRA,19.554,35.0,1240.0,7-6(6) 7-6(4),3,R16,121.0,15.0,1.0,75.0,44.0,38.0,16.0,12.0,1.0,2.0,9.0,3.0,81.0,57.0,42.0,14.0,12.0,3.0,4.0
2026-404,Indian Wells Masters,Hard,96,M,O,20260311,85,MM58,11.0,,Daniil Medvedev,R,198.0,RUS,30.078,11.0,3360.0,M0QI,,,Alex Michelsen,R,193.0,USA,21.541,44.0,1085.0,6-2 6-4,3,R16,87.0,9.0,2.0,68.0,53.0,38.0,6.0,9.0,4.0,5.0,1.0,1.0,59.0,39.0,21.0,9.0,9.0,6.0,10.0
2026-404,Indian Wells Masters,Hard,96,M,O,20260311,86,N771,27.0,,Cameron Norrie,L,188.0,GBR,30.549,29.0,1603.0,H0BH,,,Rinky Hijikata,R,178.0,AUS,25.043,117.0,547.0,6-4 6-2,3,R16,76.0,3.0,2.0,53.0,32.0,23.0,15.0,9.0,1.0,1.0,8.0,2.0,49.0,29.0,22.0,8.0,9.0,3.0,6.0
2026-404,Indian Wells Masters,Hard,96,M,O,20260312,87,A0E2,1.0,,Carlos Alcaraz,R,183.0,ESP,22.853,1.0,13550.0,RH16,13,,Casper Ruud,R,183.0,NOR,27.22,13.0,2625.0,6-1 7-6(2),3,R16,90.0,7.0,1.0,48.0,33.0,29.0,10.0,9.0,0.0,0.0,8.0,0.0,79.0,52.0,33.0,10.0,10.0,5.0,8.0
2026-404,Indian Wells Masters,Hard,96,M,O,20260312,88,D0CO,14.0,,Jack Draper,L,193.0,GBR,24.219,14.0,2510.0,D643,3,,Novak Djokovic,R,188.0,SRB,38.806,3.0,5280.0,4-6 6-4 7-6(5),3,R16,155.0,13.0,5.0,103.0,66.0,49.0,16.0,16.0,3.0,6.0,4.0,2.0,94.0,62.0,40.0,21.0,16.0,4.0,7.0
2026-404,Indian Wells Masters,Hard,96,M,O,20260312,89,Z355,4.0,,Alexander Zverev,R,198.0,GER,28.893,4.0,4555.0,F0F1,30,,Arthur Fils,R,185.0,FRA,21.747,32.0,1440.0,6-2 6-3,3,QF,82.0,7.0,1.0,51.0,36.0,27.0,9.0,8.0,3.0,3.0,7.0,4.0,69.0,38.0,21.0,16.0,9.0,6.0,10.0
2026-404,Indian Wells Masters,Hard,96,M,O,20260313,90,S0AG,2.0,,Jannik Sinner,R,191.0,ITA,24.572,2.0,10400.0,T0HA,25,,Learner Tien,L,180.0,USA,20.277,27.0,1685.0,6-1 6-2,3,QF,66.0,10.0,1.0,48.0,30.0,25.0,10.0,8.0,4.0,4.0,4.0,5.0,49.0,29.0,14.0,10.0,7.0,1.0,5.0
2026-404,Indian Wells Masters,Hard,96,M,O,20260313,91,MM58,11.0,,Daniil Medvedev,R,198.0,RUS,30.084,11.0,3360.0,D0CO,14,,Jack Draper,L,193.0,GBR,24.222,14.0,2510.0,6-1 7-5,3,QF,75.0,10.0,1.0,54.0,39.0,33.0,8.0,10.0,1.0,1.0,3.0,1.0,54.0,27.0,17.0,14.0,9.0,2.0,5.0
2026-404,Indian Wells Masters,Hard,96,M,O,20260313,92,A0E2,1.0,,Carlos Alcaraz,R,183.0,ESP,22.856,1.0,13550.0,N771,27,,Cameron Norrie,L,188.0,GBR,30.554,29.0,1603.0,6-3 6-4,3,QF,93.0,2.0,1.0,57.0,43.0,31.0,6.0,10.0,1.0,3.0,3.0,3.0,73.0,44.0,26.0,11.0,9.0,6.0,10.0
2026-404,Indian Wells Masters,Hard,96,M,O,20260315,93,MM58,11.0,,Daniil Medvedev,R,198.0,RUS,30.089,11.0,3360.0,A0E2,1,,Carlos Alcaraz,R,183.0,ESP,22.861,1.0,13550.0,6-3 7-6(3),3,SF,97.0,4.0,0.0,75.0,44.0,28.0,23.0,11.0,4.0,5.0,2.0,2.0,62.0,39.0,27.0,13.0,10.0,0.0,2.0
2026-404,Indian Wells Masters,Hard,96,M,O,20260315,94,S0AG,2.0,,Jannik Sinner,R,191.0,ITA,24.578,2.0,10400.0,Z355,4,,Alexander Zverev,R,198.0,GER,28.901,4.0,4555.0,6-2 6-4,3,SF,83.0,8.0,2.0,51.0,29.0,24.0,14.0,9.0,1.0,1.0,4.0,3.0,53.0,35.0,28.0,5.0,9.0,3.0,6.0
2026-404,Indian Wells Masters,Hard,96,M,O,20260315,95,S0AG,2.0,,Jannik Sinner,R,191.0,ITA,24.58,2.0,10400.0,MM58,11,,Daniil Medvedev,R,198.0,RUS,30.092,11.0,3360.0,7-6(6) 7-6(4),3,F,115.0,10.0,2.0,72.0,47.0,43.0,15.0,12.0,0.0,0.0,7.0,2.0,87.0,48.0,37.0,24.0,12.0,2.0,2.0
2026-MIAMIOPEN,Miami Open,Hard,,M,,20260319,1,N0BS,,,Navone M.,,,,,61.0,855.0,BG23,,,Basilashvili N.,,,,,134.0,463.0,7-6 6-3,3,1st Round,,,,,,,,,,,,,,,,,,,
2026-MIAMIOPEN,Miami Open,Hard,,M,,20260319,3,J0DZ,,,Jodar R.,,,,,109.0,588.0,H997,,,Hanfmann Y.,,,,,64.0,835.0,6-4 4-6 6-1,3,1st Round,,,,,,,,,,,,,,,,,,,
2026-MIAMIOPEN,Miami Open,Hard,,M,,20260319,4,K0O4,,,Kouame M.,,,,,385.0,122.0,S0K7,,,Svajda Z.,,,,,96.0,644.0,5-7 6-4 6-4,3,1st Round,,,,,,,,,,,,,,,,,,,
2026-MIAMIOPEN,Miami Open,Hard,,M,,20260319,5,BU13,,,Bergs Z.,,,,,45.0,1030.0,B0CD,,,Brooksby J.,,,,,42.0,1115.0,7-5 6-2,3,1st Round,,,,,,,,,,,,,,,,,,,
2026-MIAMIOPEN,Miami Open,Hard,,M,,20260319,8,Q02L,,,Quinn E.,,,,,56.0,906.0,HB71,,,Hurkacz H.,,,,,75.0,735.0,6-2 6-4,3,1st Round,,,,,,,,,,,,,,,,,,,
2026-MIAMIOPEN,Miami Open,Hard,,M,,20260319,9,L0IL,,,Landaluce M.,,,,,151.0,394.0,GC88,,,Giron M.,,,,,70.0,790.0,6-3 7-6,3,1st Round,,,,,,,,,,,,,,,,,,,
2026-MIAMIOPEN,Miami Open,Hard,,M,,20260319,12,BK40,,,Berrettini M.,,,,,68.0,800.0,M446,,,Muller A.,,,,,90.0,665.0,6-4 6-2,3,1st Round,,,,,,,,,,,,,,,,,,,
2026-MIAMIOPEN,Miami Open,Hard,,M,,20260319,13,O522,,,Opelka R.,,,,,67.0,803.0,BT72,,,Borges N.,,,,,50.0,995.0,6-7 6-2 7-6,3,1st Round,,,,,,,,,,,,,,,,,,,
2026-MIAMIOPEN,Miami Open,Hard,,M,,20260319,14,TE51,,,Tsitsipas S.,,,,,51.0,995.0,F0DM,,,Fery A.,,,,,174.0,342.0,6-1 7-6,3,1st Round,,,,,,,,,,,,,,,,,,,
2026-MIAMIOPEN,Miami Open,Hard,,M,,20260319,15,C0JP,,,Collignon R.,,,,,72.0,768.0,D875,,,Dimitrov G.,,,,,44.0,1035.0,7-6 4-6 7-6,3,1st Round,,,,,,,,,,,,,,,,,,,
2026-MIAMIOPEN,Miami Open,Hard,,M,,20260319,16,D923,,,Dzumhur D.,,,,,76.0,723.0,B0ID,,,Buse I.,,,,,63.0,836.0,6-7 7-6 6-1,3,1st Round,,,,,,,,,,,,,,,,,,,
2026-MIAMIOPEN,Miami Open,Hard,,M,,20260319,17,F0FV,,,Fonseca J.,,,,,39.0,1135.0,M0CI,,,Marozsan F.,,,,,46.0,1020.0,6-4 3-6 6-2,3,1st Round,,,,,,,,,,,,,,,,,,,
2026-MIAMIOPEN,Miami Open,Hard,,M,,20260319,18,C977,,,Cilic M.,,,,,49.0,1000.0,P09Z,,,Popyrin A.,,,,,47.0,1010.0,6-4 6-4,3,1st Round,,,,,,,,,,,,,,,,,,,
2026-MIAMIOPEN,Miami Open,Hard,,M,,20260319,19,M0FH,,,Machac T.,,,,,48.0,1000.0,M915,,,Nava E.,,,,,74.0,741.0,2-6 6-4 6-1,3,1st Round,,,,,,,,,,,,,,,,,,,
2026-MIAMIOPEN,Miami Open,Hard,,M,,20260319,20,MQ75,,,Majchrzak K.,,,,,57.0,905.0,KI95,,,Kecmanovic M.,,,,,58.0,895.0,4-6 6-3 6-1,3,1st Round,,,,,,,,,,,,,,,,,,,
2026-MIAMIOPEN,Miami Open,Hard,,M,,20260319,21,TE30,,,Tabilo A.,,,,,41.0,1118.0,C0DF,,,Comesana F.,,,,,82.0,679.0,6-4 6-2,3,1st Round,,,,,,,,,,,,,,,,,,,
2026-MIAMIOPEN,Miami Open,Hard,,M,,20260319,22,HB64,,,Halys Q.,,,,,111.0,580.0,D0DP,,,Draxl L.,,,,,147.0,406.0,6-7 6-1 6-1,3,1st Round,,,,,,,,,,,,,,,,,,,
2026-MIAMIOPEN,Miami Open,Hard,,M,,20260320,23,M0QI,,,Michelsen A.,,,,,40.0,1135.0,BD20,,,Bellucci M.,,,,,77.0,720.0,6-2 6-1,3,1st Round,,,,,,,,,,,,,,,,,,,
2026-MIAMIOPEN,Miami Open,Hard,,M,,20260320,25,A0GC,,,Atmane T.,,,,,53.0,968.0,AE14,,,Altmaier D.,,,,,55.0,906.0,6-4 6-2,3,1st Round,,,,,,,,,,,,,,,,,,,
2026-MIAMIOPEN,Miami Open,Hard,,M,,20260320,26,SR60,,,Sakamoto R.,,,,,164.0,366.0,K0AZ,,,Kovacevic A.,,,,,92.0,661.0,6-4 3-6 7-6,3,1st Round,,,,,,,,,,,,,,,,,,,
2026-MIAMIOPEN,Miami Open,Hard,,M,,20260320,28,W09E,,,Walton A.,,,,,85.0,674.0,B0BI,,,Baez S.,,,,,52.0,980.0,6-2 6-2,3,1st Round,,,,,,,,,,,,,,,,,,,
2026-MIAMIOPEN,Miami Open,Hard,,M,,20260320,29,D0F6,,,Diallo G.,,,,,37.0,1185.0,W048,,,Wu Y.,,,,,118.0,559.0,6-2 7-6,3,1st Round,,,,,,,,,,,,,,,,,,,
2026-MIAMIOPEN,Miami Open,Hard,,M,,20260320,30,S0H2,,,Shevchenko A.,,,,,84.0,679.0,A0FC,,,Arnaldi M.,,,,,101.0,625.0,7-6 6-7 6-2,3,1st Round,,,,,,,,,,,,,,,,,,,
2026-MIAMIOPEN,Miami Open,Hard,,M,,20260320,31,C0H0,,,Cazaux A.,,,,,73.0,754.0,B0J5,,,Barrios M.,,,,,119.0,551.0,7-5 6-4,3,1st Round,,,,,,,,,,,,,,,,,,,
2026-MIAMIOPEN,Miami Open,Hard,,M,,20260320,32,Q02L,,,Quinn E.,,,,,56.0,906.0,R219,,,Ruud C.,,,,,12.0,2715.0,6-4 7-6,3,2nd Round,,,,,,,,,,,,,,,,,,,
2026-MIAMIOPEN,Miami Open,Hard,,M,,20260320,33,P313,,,Paul T.,,,,,23.0,1765.0,ME82,,,Mannarino A.,,,,,43.0,1060.0,6-2 2-6 6-4,3,2nd Round,,,,,,,,,,,,,,,,,,,
2026-MIAMIOPEN,Miami Open,Hard,,M,,20260320,34,O522,,,Opelka R.,,,,,67.0,803.0,D270,,,Draper J.,,,,,26.0,1710.0,7-6 7-6,3,2nd Round,,,,,,,,,,,,,,,,,,,
2026-MIAMIOPEN,Miami Open,Hard,,M,,20260320,35,BK40,,,Berrettini M.,,,,,68.0,800.0,BK92,,,Bublik A.,,,,,11.0,3385.0,6-4 6-4,3,2nd Round,,,,,,,,,,,,,,,,,,,
2026-MIAMIOPEN,Miami Open,Hard,,M,,20260321,40,A0E2,,,Alcaraz C.,,,,,1.0,13550.0,F0FV,,,Fonseca J.,,,,,39.0,1135.0,6-4 6-4,3,2nd Round,,,,,,,,,,,,,,,,,,,
2026-MIAMIOPEN,Miami Open,Hard,,M,,20260321,41,C0JP,,,Collignon R.,,,,,72.0,768.0,C447,,,Cobolli F.,,,,,14.0,2520.0,7-5 6-3,3,2nd Round,,,,,,,,,,,,,,,,,,,
2026-MIAMIOPEN,Miami Open,Hard,,M,,20260321,43,L0BV,,,Lehecka J.,,,,,22.0,1850.0,K0O4,,,Kouame M.,,,,,385.0,122.0,6-2 7-5,3,2nd Round,,,,,,,,,,,,,,,,,,,
2026-MIAMIOPEN,Miami Open,Hard,,M,,20260321,44,L0IL,,,Landaluce M.,,,,,151.0,394.0,D0FJ,,,Darderi L.,,,,,18.0,2084.0,6-3 6-7 6-4,3,2nd Round,,,,,,,,,,,,,,,,,,,
2026-MIAMIOPEN,Miami Open,Hard,,M,,20260321,45,VA25,,,Vacherot V.,,,,,25.0,1741.0,N0BS,,,Navone M.,,,,,61.0,855.0,6-3 6-4,3,2nd Round,,,,,,,,,,,,,,,,,,,
2026-MIAMIOPEN,Miami Open,Hard,,M,,20260321,47,J0DZ,,,Jodar R.,,,,,109.0,588.0,V832,,,Vukic A.,,,,,93.0,656.0,6-1 6-2,3,2nd Round,,,,,,,,,,,,,,,,,,,
2026-MIAMIOPEN,Miami Open,Hard,,M,,20260321,48,MQ75,,,Majchrzak K.,,,,,57.0,905.0,T0HA,,,Tien L.,,,,,21.0,1860.0,6-2 4-6 6-2,3,2nd Round,,,,,,,,,,,,,,,,,,,
2026-MIAMIOPEN,Miami Open,Hard,,M,,20260321,49,EA24,,,Etcheverry T.,,,,,32.0,1430.0,BU13,,,Bergs Z.,,,,,45.0,1030.0,7-6 7-6,3,2nd Round,,,,,,,,,,,,,,,,,,,
2026-MIAMIOPEN,Miami Open,Hard,,M,,20260321,50,A0GC,,,Atmane T.,,,,,53.0,968.0,RC91,,,Rinderknech A.,,,,,27.0,1657.0,7-6 6-3,3,2nd Round,,,,,,,,,,,,,,,,,,,
2026-MIAMIOPEN,Miami Open,Hard,,M,,20260321,51,S367,,,Sinner J.,,,,,2.0,11400.0,D923,,,Dzumhur D.,,,,,76.0,723.0,6-3 6-3,3,2nd Round,,,,,,,,,,,,,,,,,,,
2026-MIAMIOPEN,Miami Open,Hard,,M,,20260321,52,AG37,,,Auger-Aliassime F.,,,,,8.0,4000.0,F724,,,Fucsovics M.,,,,,54.0,959.0,7-6 7-5,3,2nd Round,,,,,,,,,,,,,,,,,,,
2026-MIAMIOPEN,Miami Open,Hard,,M,,20260321,53,MW02,,,Moutet C.,,,,,33.0,1383.0,M0FH,,,Machac T.,,,,,48.0,1000.0,6-0 1-6 6-4,3,2nd Round,,,,,,,,,,,,,,,,,,,
2026-MIAMIOPEN,Miami Open,Hard,,M,,20260321,54,M475,,,Medvedev D.,,,,,10.0,3610.0,SR60,,,Sakamoto R.,,,,,164.0,366.0,6-7 6-3 6-1,3,2nd Round,,,,,,,,,,,,,,,,,,,
2026-MIAMIOPEN,Miami Open,Hard,,M,,20260321,55,M0QI,,,Michelsen A.,,,,,40.0,1135.0,N771,,,Norrie C.,,,,,24.0,1753.0,7-5 6-7 6-4,3,2nd Round,,,,,,,,,,,,,,,,,,,
2026-MIAMIOPEN,Miami Open,Hard,,M,,20260321,56,TE30,,,Tabilo A.,,,,,41.0,1118.0,RE44,,,Rublev A.,,,,,16.0,2400.0,6-7 6-2 6-4,3,2nd Round,,,,,,,,,,,,,,,,,,,
2026-MIAMIOPEN,Miami Open,Hard,,M,,20260321,57,M0NI,,,Mensik J.,,,,,13.0,2650.0,W09E,,,Walton A.,,,,,85.0,674.0,3-6 6-2 6-4,3,2nd Round,,,,,,,,,,,,,,,,,,,
2026-MIAMIOPEN,Miami Open,Hard,,M,,20260321,59,HH26,,,Humbert U.,,,,,34.0,1245.0,D0F6,,,Diallo G.,,,,,37.0,1185.0,6-1 6-4,3,2nd Round,,,,,,,,,,,,,,,,,,,
2026-MIAMIOPEN,Miami Open,Hard,,M,,20260321,60,S0H2,,,Shevchenko A.,,,,,84.0,679.0,S380,,,Shelton B.,,,,,9.0,3860.0,6-7 7-6 6-3,3,2nd Round,,,,,,,,,,,,,,,,,,,
2026-MIAMIOPEN,Miami Open,Hard,,M,,20260321,61,TD51,,,Tiafoe F.,,,,,20.0,1920.0,C0H0,,,Cazaux A.,,,,,73.0,754.0,7-6 6-1,3,2nd Round,,,,,,,,,,,,,,,,,,,
2026-MIAMIOPEN,Miami Open,Hard,,M,,20260322,62,C977,,,Cilic M.,,,,,49.0,1000.0,N0AE,,,Nakashima B.,,,,,30.0,1485.0,2-6 6-4 7-6,3,2nd Round,,,,,,,,,,,,,,,,,,,
2026-MIAMIOPEN,Miami Open,Hard,,M,,20260322,63,Z168,,,Zverev A.,,,,,4.0,4905.0,D0DT,,,Damm M.,,,,,133.0,469.0,6-2 6-4,3,2nd Round,,,,,,,,,,,,,,,,,,,
2026-MIAMIOPEN,Miami Open,Hard,,M,,20260322,64,L0BV,,,Lehecka J.,,,,,22.0,1850.0,Q02L,,,Quinn E.,,,,,56.0,906.0,6-3 7-6,3,3rd Round,,,,,,,,,,,,,,,,,,,
2026-MIAMIOPEN,Miami Open,Hard,,M,,20260322,65,F0EG,,,Fritz T.,,,,,7.0,4170.0,O522,,,Opelka R.,,,,,67.0,803.0,6-3 6-4,3,3rd Round,,,,,,,,,,,,,,,,,,,
2026-MIAMIOPEN,Miami Open,Hard,,M,,20260322,66,EA24,,,Etcheverry T.,,,,,32.0,1430.0,J0DZ,,,Jodar R.,,,,,109.0,588.0,7-5 6-4,3,3rd Round,,,,,,,,,,,,,,,,,,,
2026-MIAMIOPEN,Miami Open,Hard,,M,,20260322,67,K148,,,Korda S.,,,,,36.0,1200.0,A0E2,,,Alcaraz C.,,,,,1.0,13550.0,6-3 5-7 6-4,3,3rd Round,,,,,,,,,,,,,,,,,,,
2026-MIAMIOPEN,Miami Open,Hard,,M,,20260322,68,P313,,,Paul T.,,,,,23.0,1765.0,C0JP,,,Collignon R.,,,,,72.0,768.0,6-2 3-6 7-6,3,3rd Round,,,,,,,,,,,,,,,,,,,
2026-MIAMIOPEN,Miami Open,Hard,,M,,20260322,69,L0IL,,,Landaluce M.,,,,,151.0,394.0,KE29,,,Khachanov K.,,,,,15.0,2410.0,6-3 7-6,3,3rd Round,,,,,,,,,,,,,,,,,,,
2026-MIAMIOPEN,Miami Open,Hard,,M,,20260323,70,VA25,,,Vacherot V.,,,,,25.0,1741.0,BK40,,,Berrettini M.,,,,,68.0,800.0,7-6 6-4,3,3rd Round,,,,,,,,,,,,,,,,,,,
2026-MIAMIOPEN,Miami Open,Hard,,M,,20260323,71,F0F1,,,Fils A.,,,,,31.0,1440.0,TE51,,,Tsitsipas S.,,,,,51.0,995.0,6-0 6-1,3,3rd Round,,,,,,,,,,,,,,,,,,,
2026-MIAMIOPEN,Miami Open,Hard,,M,,20260323,72,HH26,,,Humbert U.,,,,,34.0,1245.0,S0H2,,,Shevchenko A.,,,,,84.0,679.0,6-4 7-6,3,3rd Round,,,,,,,,,,,,,,,,,,,
2026-MIAMIOPEN,Miami Open,Hard,,M,,20260323,73,C0AU,,,Cerundolo F.,,,,,19.0,2020.0,M475,,,Medvedev D.,,,,,10.0,3610.0,6-0 4-6 7-5,3,3rd Round,,,,,,,,,,,,,,,,,,,
2026-MIAMIOPEN,Miami Open,Hard,,M,,20260323,74,A0GC,,,Atmane T.,,,,,53.0,968.0,AG37,,,Auger-Aliassime F.,,,,,8.0,4000.0,6-3 1-6 6-3,3,3rd Round,,,,,,,,,,,,,,,,,,,
2026-MIAMIOPEN,Miami Open,Hard,,M,,20260323,75,TD51,,,Tiafoe F.,,,,,20.0,1920.0,M0NI,,,Mensik J.,,,,,13.0,2650.0,7-6 4-6 7-6,3,3rd Round,,,,,,,,,,,,,,,,,,,
2026-MIAMIOPEN,Miami Open,Hard,,M,,20260323,76,M0QI,,,Michelsen A.,,,,,40.0,1135.0,TE30,,,Tabilo A.,,,,,41.0,1118.0,3-6 6-3 6-4,3,3rd Round,,,,,,,,,,,,,,,,,,,
2026-MIAMIOPEN,Miami Open,Hard,,M,,20260323,77,Z168,,,Zverev A.,,,,,4.0,4905.0,C977,,,Cilic M.,,,,,49.0,1000.0,6-2 5-7 6-4,3,3rd Round,,,,,,,,,,,,,,,,,,,
2026-MIAMIOPEN,Miami Open,Hard,,M,,20260323,78,HB64,,,Halys Q.,,,,,111.0,580.0,MQ75,,,Majchrzak K.,,,,,57.0,905.0,7-6 6-1,3,3rd Round,,,,,,,,,,,,,,,,,,,
2026-MIAMIOPEN,Miami Open,Hard,,M,,20260323,79,S367,,,Sinner J.,,,,,2.0,11400.0,MW02,,,Moutet C.,,,,,33.0,1383.0,6-1 6-4,3,3rd Round,,,,,,,,,,,,,,,,,,,
2026-MIAMIOPEN,Miami Open,Hard,,M,,20260324,80,L0IL,,,Landaluce M.,,,,,151.0,394.0,K148,,,Korda S.,,,,,36.0,1200.0,2-6 7-6 6-4,3,4th Round,,,,,,,,,,,,,,,,,,,
2026-MIAMIOPEN,Miami Open,Hard,,M,,20260324,81,L0BV,,,Lehecka J.,,,,,22.0,1850.0,F0EG,,,Fritz T.,,,,,7.0,4170.0,6-4 6-7 6-2,3,4th Round,,,,,,,,,,,,,,,,,,,
2026-MIAMIOPEN,Miami Open,Hard,,M,,20260324,82,F0F1,,,Fils A.,,,,,31.0,1440.0,VA25,,,Vacherot V.,,,,,25.0,1741.0,6-4 6-7 6-4,3,4th Round,,,,,,,,,,,,,,,,,,,
2026-MIAMIOPEN,Miami Open,Hard,,M,,20260324,83,P313,,,Paul T.,,,,,23.0,1765.0,EA24,,,Etcheverry T.,,,,,32.0,1430.0,6-1 6-3,3,4th Round,,,,,,,,,,,,,,,,,,,
2026-MIAMIOPEN,Miami Open,Hard,,M,,20260324,84,S367,,,Sinner J.,,,,,2.0,11400.0,M0QI,,,Michelsen A.,,,,,40.0,1135.0,7-5 7-6,3,4th Round,,,,,,,,,,,,,,,,,,,
2026-MIAMIOPEN,Miami Open,Hard,,M,,20260324,85,TD51,,,Tiafoe F.,,,,,20.0,1920.0,A0GC,,,Atmane T.,,,,,53.0,968.0,6-4 1-6 6-4,3,4th Round,,,,,,,,,,,,,,,,,,,
2026-MIAMIOPEN,Miami Open,Hard,,M,,20260325,86,C0AU,,,Cerundolo F.,,,,,19.0,2020.0,HH26,,,Humbert U.,,,,,34.0,1245.0,6-4 6-3,3,4th Round,,,,,,,,,,,,,,,,,,,
2026-MIAMIOPEN,Miami Open,Hard,,M,,20260325,87,Z168,,,Zverev A.,,,,,4.0,4905.0,HB64,,,Halys Q.,,,,,111.0,580.0,7-6 7-6,3,4th Round,,,,,,,,,,,,,,,,,,,
2026-MIAMIOPEN,Miami Open,Hard,,M,,20260325,88,L0BV,,,Lehecka J.,,,,,22.0,1850.0,L0IL,,,Landaluce M.,,,,,151.0,394.0,7-6 7-5,3,Quarterfinals,,,,,,,,,,,,,,,,,,,
2026-MIAMIOPEN,Miami Open,Hard,,M,,20260326,89,F0F1,,,Fils A.,,,,,31.0,1440.0,P313,,,Paul T.,,,,,23.0,1765.0,6-7 7-6 7-6,3,Quarterfinals,,,,,,,,,,,,,,,,,,,
2026-MIAMIOPEN,Miami Open,Hard,,M,,20260326,90,S367,,,Sinner J.,,,,,2.0,11400.0,TD51,,,Tiafoe F.,,,,,20.0,1920.0,6-2 6-2,3,Quarterfinals,,,,,,,,,,,,,,,,,,,
2026-MIAMIOPEN,Miami Open,Hard,,M,,20260326,91,Z168,,,Zverev A.,,,,,4.0,4905.0,C0AU,,,Cerundolo F.,,,,,19.0,2020.0,6-1 6-2,3,Quarterfinals,,,,,,,,,,,,,,,,,,,
2026-MIAMIOPEN,Miami Open,Hard,,M,,20260327,92,L0BV,,,Lehecka J.,,,,,22.0,1850.0,F0F1,,,Fils A.,,,,,31.0,1440.0,6-2 6-2,3,Semifinals,,,,,,,,,,,,,,,,,,,
2026-MIAMIOPEN,Miami Open,Hard,,M,,20260327,93,S367,,,Sinner J.,,,,,2.0,11400.0,Z168,,,Zverev A.,,,,,4.0,4905.0,6-3 7-6,3,Semifinals,,,,,,,,,,,,,,,,,,,
2026-MIAMIOPEN,Miami Open,Hard,,M,,20260329,94,S367,,,Sinner J.,,,,,2.0,11400.0,L0BV,,,Lehecka J.,,,,,22.0,1850.0,6-4 6-4,3,The Final,,,,,,,,,,,,,,,,,,,
